PK_Date,Date_Name,Year,Year_Name,Day_Of_Year,Day_Of_Year_Name
"1965-01-01 00:00:00","Friday, January 01 1965","1965-01-01 00:00:00","Calendar 1965",1,"Day 1"
"1965-01-02 00:00:00","Saturday, January 02 1965","1965-01-01 00:00:00","Calendar 1965",2,"Day 2"
"1965-01-03 00:00:00","Sunday, January 03 1965","1965-01-01 00:00:00","Calendar 1965",3,"Day 3"
"1965-01-04 00:00:00","Monday, January 04 1965","1965-01-01 00:00:00","Calendar 1965",4,"Day 4"
"1965-01-05 00:00:00","Tuesday, January 05 1965","1965-01-01 00:00:00","Calendar 1965",5,"Day 5"
"1965-01-06 00:00:00","Wednesday, January 06 1965","1965-01-01 00:00:00","Calendar 1965",6,"Day 6"
"1965-01-07 00:00:00","Thursday, January 07 1965","1965-01-01 00:00:00","Calendar 1965",7,"Day 7"
"1965-01-08 00:00:00","Friday, January 08 1965","1965-01-01 00:00:00","Calendar 1965",8,"Day 8"
"1965-01-09 00:00:00","Saturday, January 09 1965","1965-01-01 00:00:00","Calendar 1965",9,"Day 9"
"1965-01-10 00:00:00","Sunday, January 10 1965","1965-01-01 00:00:00","Calendar 1965",10,"Day 10"
"1965-01-11 00:00:00","Monday, January 11 1965","1965-01-01 00:00:00","Calendar 1965",11,"Day 11"
"1965-01-12 00:00:00","Tuesday, January 12 1965","1965-01-01 00:00:00","Calendar 1965",12,"Day 12"
"1965-01-13 00:00:00","Wednesday, January 13 1965","1965-01-01 00:00:00","Calendar 1965",13,"Day 13"
"1965-01-14 00:00:00","Thursday, January 14 1965","1965-01-01 00:00:00","Calendar 1965",14,"Day 14"
"1965-01-15 00:00:00","Friday, January 15 1965","1965-01-01 00:00:00","Calendar 1965",15,"Day 15"
"1965-01-16 00:00:00","Saturday, January 16 1965","1965-01-01 00:00:00","Calendar 1965",16,"Day 16"
"1965-01-17 00:00:00","Sunday, January 17 1965","1965-01-01 00:00:00","Calendar 1965",17,"Day 17"
"1965-01-18 00:00:00","Monday, January 18 1965","1965-01-01 00:00:00","Calendar 1965",18,"Day 18"
"1965-01-19 00:00:00","Tuesday, January 19 1965","1965-01-01 00:00:00","Calendar 1965",19,"Day 19"
"1965-01-20 00:00:00","Wednesday, January 20 1965","1965-01-01 00:00:00","Calendar 1965",20,"Day 20"
"1965-01-21 00:00:00","Thursday, January 21 1965","1965-01-01 00:00:00","Calendar 1965",21,"Day 21"
"1965-01-22 00:00:00","Friday, January 22 1965","1965-01-01 00:00:00","Calendar 1965",22,"Day 22"
"1965-01-23 00:00:00","Saturday, January 23 1965","1965-01-01 00:00:00","Calendar 1965",23,"Day 23"
"1965-01-24 00:00:00","Sunday, January 24 1965","1965-01-01 00:00:00","Calendar 1965",24,"Day 24"
"1965-01-25 00:00:00","Monday, January 25 1965","1965-01-01 00:00:00","Calendar 1965",25,"Day 25"
"1965-01-26 00:00:00","Tuesday, January 26 1965","1965-01-01 00:00:00","Calendar 1965",26,"Day 26"
"1965-01-27 00:00:00","Wednesday, January 27 1965","1965-01-01 00:00:00","Calendar 1965",27,"Day 27"
"1965-01-28 00:00:00","Thursday, January 28 1965","1965-01-01 00:00:00","Calendar 1965",28,"Day 28"
"1965-01-29 00:00:00","Friday, January 29 1965","1965-01-01 00:00:00","Calendar 1965",29,"Day 29"
"1965-01-30 00:00:00","Saturday, January 30 1965","1965-01-01 00:00:00","Calendar 1965",30,"Day 30"
"1965-01-31 00:00:00","Sunday, January 31 1965","1965-01-01 00:00:00","Calendar 1965",31,"Day 31"
"1965-02-01 00:00:00","Monday, February 01 1965","1965-01-01 00:00:00","Calendar 1965",32,"Day 32"
"1965-02-02 00:00:00","Tuesday, February 02 1965","1965-01-01 00:00:00","Calendar 1965",33,"Day 33"
"1965-02-03 00:00:00","Wednesday, February 03 1965","1965-01-01 00:00:00","Calendar 1965",34,"Day 34"
"1965-02-04 00:00:00","Thursday, February 04 1965","1965-01-01 00:00:00","Calendar 1965",35,"Day 35"
"1965-02-05 00:00:00","Friday, February 05 1965","1965-01-01 00:00:00","Calendar 1965",36,"Day 36"
"1965-02-06 00:00:00","Saturday, February 06 1965","1965-01-01 00:00:00","Calendar 1965",37,"Day 37"
"1965-02-07 00:00:00","Sunday, February 07 1965","1965-01-01 00:00:00","Calendar 1965",38,"Day 38"
"1965-02-08 00:00:00","Monday, February 08 1965","1965-01-01 00:00:00","Calendar 1965",39,"Day 39"
"1965-02-09 00:00:00","Tuesday, February 09 1965","1965-01-01 00:00:00","Calendar 1965",40,"Day 40"
"1965-02-10 00:00:00","Wednesday, February 10 1965","1965-01-01 00:00:00","Calendar 1965",41,"Day 41"
"1965-02-11 00:00:00","Thursday, February 11 1965","1965-01-01 00:00:00","Calendar 1965",42,"Day 42"
"1965-02-12 00:00:00","Friday, February 12 1965","1965-01-01 00:00:00","Calendar 1965",43,"Day 43"
"1965-02-13 00:00:00","Saturday, February 13 1965","1965-01-01 00:00:00","Calendar 1965",44,"Day 44"
"1965-02-14 00:00:00","Sunday, February 14 1965","1965-01-01 00:00:00","Calendar 1965",45,"Day 45"
"1965-02-15 00:00:00","Monday, February 15 1965","1965-01-01 00:00:00","Calendar 1965",46,"Day 46"
"1965-02-16 00:00:00","Tuesday, February 16 1965","1965-01-01 00:00:00","Calendar 1965",47,"Day 47"
"1965-02-17 00:00:00","Wednesday, February 17 1965","1965-01-01 00:00:00","Calendar 1965",48,"Day 48"
"1965-02-18 00:00:00","Thursday, February 18 1965","1965-01-01 00:00:00","Calendar 1965",49,"Day 49"
"1965-02-19 00:00:00","Friday, February 19 1965","1965-01-01 00:00:00","Calendar 1965",50,"Day 50"
"1965-02-20 00:00:00","Saturday, February 20 1965","1965-01-01 00:00:00","Calendar 1965",51,"Day 51"
"1965-02-21 00:00:00","Sunday, February 21 1965","1965-01-01 00:00:00","Calendar 1965",52,"Day 52"
"1965-02-22 00:00:00","Monday, February 22 1965","1965-01-01 00:00:00","Calendar 1965",53,"Day 53"
"1965-02-23 00:00:00","Tuesday, February 23 1965","1965-01-01 00:00:00","Calendar 1965",54,"Day 54"
"1965-02-24 00:00:00","Wednesday, February 24 1965","1965-01-01 00:00:00","Calendar 1965",55,"Day 55"
"1965-02-25 00:00:00","Thursday, February 25 1965","1965-01-01 00:00:00","Calendar 1965",56,"Day 56"
"1965-02-26 00:00:00","Friday, February 26 1965","1965-01-01 00:00:00","Calendar 1965",57,"Day 57"
"1965-02-27 00:00:00","Saturday, February 27 1965","1965-01-01 00:00:00","Calendar 1965",58,"Day 58"
"1965-02-28 00:00:00","Sunday, February 28 1965","1965-01-01 00:00:00","Calendar 1965",59,"Day 59"
"1965-03-01 00:00:00","Monday, March 01 1965","1965-01-01 00:00:00","Calendar 1965",60,"Day 60"
"1965-03-02 00:00:00","Tuesday, March 02 1965","1965-01-01 00:00:00","Calendar 1965",61,"Day 61"
"1965-03-03 00:00:00","Wednesday, March 03 1965","1965-01-01 00:00:00","Calendar 1965",62,"Day 62"
"1965-03-04 00:00:00","Thursday, March 04 1965","1965-01-01 00:00:00","Calendar 1965",63,"Day 63"
"1965-03-05 00:00:00","Friday, March 05 1965","1965-01-01 00:00:00","Calendar 1965",64,"Day 64"
"1965-03-06 00:00:00","Saturday, March 06 1965","1965-01-01 00:00:00","Calendar 1965",65,"Day 65"
"1965-03-07 00:00:00","Sunday, March 07 1965","1965-01-01 00:00:00","Calendar 1965",66,"Day 66"
"1965-03-08 00:00:00","Monday, March 08 1965","1965-01-01 00:00:00","Calendar 1965",67,"Day 67"
"1965-03-09 00:00:00","Tuesday, March 09 1965","1965-01-01 00:00:00","Calendar 1965",68,"Day 68"
"1965-03-10 00:00:00","Wednesday, March 10 1965","1965-01-01 00:00:00","Calendar 1965",69,"Day 69"
"1965-03-11 00:00:00","Thursday, March 11 1965","1965-01-01 00:00:00","Calendar 1965",70,"Day 70"
"1965-03-12 00:00:00","Friday, March 12 1965","1965-01-01 00:00:00","Calendar 1965",71,"Day 71"
"1965-03-13 00:00:00","Saturday, March 13 1965","1965-01-01 00:00:00","Calendar 1965",72,"Day 72"
"1965-03-14 00:00:00","Sunday, March 14 1965","1965-01-01 00:00:00","Calendar 1965",73,"Day 73"
"1965-03-15 00:00:00","Monday, March 15 1965","1965-01-01 00:00:00","Calendar 1965",74,"Day 74"
"1965-03-16 00:00:00","Tuesday, March 16 1965","1965-01-01 00:00:00","Calendar 1965",75,"Day 75"
"1965-03-17 00:00:00","Wednesday, March 17 1965","1965-01-01 00:00:00","Calendar 1965",76,"Day 76"
"1965-03-18 00:00:00","Thursday, March 18 1965","1965-01-01 00:00:00","Calendar 1965",77,"Day 77"
"1965-03-19 00:00:00","Friday, March 19 1965","1965-01-01 00:00:00","Calendar 1965",78,"Day 78"
"1965-03-20 00:00:00","Saturday, March 20 1965","1965-01-01 00:00:00","Calendar 1965",79,"Day 79"
"1965-03-21 00:00:00","Sunday, March 21 1965","1965-01-01 00:00:00","Calendar 1965",80,"Day 80"
"1965-03-22 00:00:00","Monday, March 22 1965","1965-01-01 00:00:00","Calendar 1965",81,"Day 81"
"1965-03-23 00:00:00","Tuesday, March 23 1965","1965-01-01 00:00:00","Calendar 1965",82,"Day 82"
"1965-03-24 00:00:00","Wednesday, March 24 1965","1965-01-01 00:00:00","Calendar 1965",83,"Day 83"
"1965-03-25 00:00:00","Thursday, March 25 1965","1965-01-01 00:00:00","Calendar 1965",84,"Day 84"
"1965-03-26 00:00:00","Friday, March 26 1965","1965-01-01 00:00:00","Calendar 1965",85,"Day 85"
"1965-03-27 00:00:00","Saturday, March 27 1965","1965-01-01 00:00:00","Calendar 1965",86,"Day 86"
"1965-03-28 00:00:00","Sunday, March 28 1965","1965-01-01 00:00:00","Calendar 1965",87,"Day 87"
"1965-03-29 00:00:00","Monday, March 29 1965","1965-01-01 00:00:00","Calendar 1965",88,"Day 88"
"1965-03-30 00:00:00","Tuesday, March 30 1965","1965-01-01 00:00:00","Calendar 1965",89,"Day 89"
"1965-03-31 00:00:00","Wednesday, March 31 1965","1965-01-01 00:00:00","Calendar 1965",90,"Day 90"
"1965-04-01 00:00:00","Thursday, April 01 1965","1965-01-01 00:00:00","Calendar 1965",91,"Day 91"
"1965-04-02 00:00:00","Friday, April 02 1965","1965-01-01 00:00:00","Calendar 1965",92,"Day 92"
"1965-04-03 00:00:00","Saturday, April 03 1965","1965-01-01 00:00:00","Calendar 1965",93,"Day 93"
"1965-04-04 00:00:00","Sunday, April 04 1965","1965-01-01 00:00:00","Calendar 1965",94,"Day 94"
"1965-04-05 00:00:00","Monday, April 05 1965","1965-01-01 00:00:00","Calendar 1965",95,"Day 95"
"1965-04-06 00:00:00","Tuesday, April 06 1965","1965-01-01 00:00:00","Calendar 1965",96,"Day 96"
"1965-04-07 00:00:00","Wednesday, April 07 1965","1965-01-01 00:00:00","Calendar 1965",97,"Day 97"
"1965-04-08 00:00:00","Thursday, April 08 1965","1965-01-01 00:00:00","Calendar 1965",98,"Day 98"
"1965-04-09 00:00:00","Friday, April 09 1965","1965-01-01 00:00:00","Calendar 1965",99,"Day 99"
"1965-04-10 00:00:00","Saturday, April 10 1965","1965-01-01 00:00:00","Calendar 1965",100,"Day 100"
"1965-04-11 00:00:00","Sunday, April 11 1965","1965-01-01 00:00:00","Calendar 1965",101,"Day 101"
"1965-04-12 00:00:00","Monday, April 12 1965","1965-01-01 00:00:00","Calendar 1965",102,"Day 102"
"1965-04-13 00:00:00","Tuesday, April 13 1965","1965-01-01 00:00:00","Calendar 1965",103,"Day 103"
"1965-04-14 00:00:00","Wednesday, April 14 1965","1965-01-01 00:00:00","Calendar 1965",104,"Day 104"
"1965-04-15 00:00:00","Thursday, April 15 1965","1965-01-01 00:00:00","Calendar 1965",105,"Day 105"
"1965-04-16 00:00:00","Friday, April 16 1965","1965-01-01 00:00:00","Calendar 1965",106,"Day 106"
"1965-04-17 00:00:00","Saturday, April 17 1965","1965-01-01 00:00:00","Calendar 1965",107,"Day 107"
"1965-04-18 00:00:00","Sunday, April 18 1965","1965-01-01 00:00:00","Calendar 1965",108,"Day 108"
"1965-04-19 00:00:00","Monday, April 19 1965","1965-01-01 00:00:00","Calendar 1965",109,"Day 109"
"1965-04-20 00:00:00","Tuesday, April 20 1965","1965-01-01 00:00:00","Calendar 1965",110,"Day 110"
"1965-04-21 00:00:00","Wednesday, April 21 1965","1965-01-01 00:00:00","Calendar 1965",111,"Day 111"
"1965-04-22 00:00:00","Thursday, April 22 1965","1965-01-01 00:00:00","Calendar 1965",112,"Day 112"
"1965-04-23 00:00:00","Friday, April 23 1965","1965-01-01 00:00:00","Calendar 1965",113,"Day 113"
"1965-04-24 00:00:00","Saturday, April 24 1965","1965-01-01 00:00:00","Calendar 1965",114,"Day 114"
"1965-04-25 00:00:00","Sunday, April 25 1965","1965-01-01 00:00:00","Calendar 1965",115,"Day 115"
"1965-04-26 00:00:00","Monday, April 26 1965","1965-01-01 00:00:00","Calendar 1965",116,"Day 116"
"1965-04-27 00:00:00","Tuesday, April 27 1965","1965-01-01 00:00:00","Calendar 1965",117,"Day 117"
"1965-04-28 00:00:00","Wednesday, April 28 1965","1965-01-01 00:00:00","Calendar 1965",118,"Day 118"
"1965-04-29 00:00:00","Thursday, April 29 1965","1965-01-01 00:00:00","Calendar 1965",119,"Day 119"
"1965-04-30 00:00:00","Friday, April 30 1965","1965-01-01 00:00:00","Calendar 1965",120,"Day 120"
"1965-05-01 00:00:00","Saturday, May 01 1965","1965-01-01 00:00:00","Calendar 1965",121,"Day 121"
"1965-05-02 00:00:00","Sunday, May 02 1965","1965-01-01 00:00:00","Calendar 1965",122,"Day 122"
"1965-05-03 00:00:00","Monday, May 03 1965","1965-01-01 00:00:00","Calendar 1965",123,"Day 123"
"1965-05-04 00:00:00","Tuesday, May 04 1965","1965-01-01 00:00:00","Calendar 1965",124,"Day 124"
"1965-05-05 00:00:00","Wednesday, May 05 1965","1965-01-01 00:00:00","Calendar 1965",125,"Day 125"
"1965-05-06 00:00:00","Thursday, May 06 1965","1965-01-01 00:00:00","Calendar 1965",126,"Day 126"
"1965-05-07 00:00:00","Friday, May 07 1965","1965-01-01 00:00:00","Calendar 1965",127,"Day 127"
"1965-05-08 00:00:00","Saturday, May 08 1965","1965-01-01 00:00:00","Calendar 1965",128,"Day 128"
"1965-05-09 00:00:00","Sunday, May 09 1965","1965-01-01 00:00:00","Calendar 1965",129,"Day 129"
"1965-05-10 00:00:00","Monday, May 10 1965","1965-01-01 00:00:00","Calendar 1965",130,"Day 130"
"1965-05-11 00:00:00","Tuesday, May 11 1965","1965-01-01 00:00:00","Calendar 1965",131,"Day 131"
"1965-05-12 00:00:00","Wednesday, May 12 1965","1965-01-01 00:00:00","Calendar 1965",132,"Day 132"
"1965-05-13 00:00:00","Thursday, May 13 1965","1965-01-01 00:00:00","Calendar 1965",133,"Day 133"
"1965-05-14 00:00:00","Friday, May 14 1965","1965-01-01 00:00:00","Calendar 1965",134,"Day 134"
"1965-05-15 00:00:00","Saturday, May 15 1965","1965-01-01 00:00:00","Calendar 1965",135,"Day 135"
"1965-05-16 00:00:00","Sunday, May 16 1965","1965-01-01 00:00:00","Calendar 1965",136,"Day 136"
"1965-05-17 00:00:00","Monday, May 17 1965","1965-01-01 00:00:00","Calendar 1965",137,"Day 137"
"1965-05-18 00:00:00","Tuesday, May 18 1965","1965-01-01 00:00:00","Calendar 1965",138,"Day 138"
"1965-05-19 00:00:00","Wednesday, May 19 1965","1965-01-01 00:00:00","Calendar 1965",139,"Day 139"
"1965-05-20 00:00:00","Thursday, May 20 1965","1965-01-01 00:00:00","Calendar 1965",140,"Day 140"
"1965-05-21 00:00:00","Friday, May 21 1965","1965-01-01 00:00:00","Calendar 1965",141,"Day 141"
"1965-05-22 00:00:00","Saturday, May 22 1965","1965-01-01 00:00:00","Calendar 1965",142,"Day 142"
"1965-05-23 00:00:00","Sunday, May 23 1965","1965-01-01 00:00:00","Calendar 1965",143,"Day 143"
"1965-05-24 00:00:00","Monday, May 24 1965","1965-01-01 00:00:00","Calendar 1965",144,"Day 144"
"1965-05-25 00:00:00","Tuesday, May 25 1965","1965-01-01 00:00:00","Calendar 1965",145,"Day 145"
"1965-05-26 00:00:00","Wednesday, May 26 1965","1965-01-01 00:00:00","Calendar 1965",146,"Day 146"
"1965-05-27 00:00:00","Thursday, May 27 1965","1965-01-01 00:00:00","Calendar 1965",147,"Day 147"
"1965-05-28 00:00:00","Friday, May 28 1965","1965-01-01 00:00:00","Calendar 1965",148,"Day 148"
"1965-05-29 00:00:00","Saturday, May 29 1965","1965-01-01 00:00:00","Calendar 1965",149,"Day 149"
"1965-05-30 00:00:00","Sunday, May 30 1965","1965-01-01 00:00:00","Calendar 1965",150,"Day 150"
"1965-05-31 00:00:00","Monday, May 31 1965","1965-01-01 00:00:00","Calendar 1965",151,"Day 151"
"1965-06-01 00:00:00","Tuesday, June 01 1965","1965-01-01 00:00:00","Calendar 1965",152,"Day 152"
"1965-06-02 00:00:00","Wednesday, June 02 1965","1965-01-01 00:00:00","Calendar 1965",153,"Day 153"
"1965-06-03 00:00:00","Thursday, June 03 1965","1965-01-01 00:00:00","Calendar 1965",154,"Day 154"
"1965-06-04 00:00:00","Friday, June 04 1965","1965-01-01 00:00:00","Calendar 1965",155,"Day 155"
"1965-06-05 00:00:00","Saturday, June 05 1965","1965-01-01 00:00:00","Calendar 1965",156,"Day 156"
"1965-06-06 00:00:00","Sunday, June 06 1965","1965-01-01 00:00:00","Calendar 1965",157,"Day 157"
"1965-06-07 00:00:00","Monday, June 07 1965","1965-01-01 00:00:00","Calendar 1965",158,"Day 158"
"1965-06-08 00:00:00","Tuesday, June 08 1965","1965-01-01 00:00:00","Calendar 1965",159,"Day 159"
"1965-06-09 00:00:00","Wednesday, June 09 1965","1965-01-01 00:00:00","Calendar 1965",160,"Day 160"
"1965-06-10 00:00:00","Thursday, June 10 1965","1965-01-01 00:00:00","Calendar 1965",161,"Day 161"
"1965-06-11 00:00:00","Friday, June 11 1965","1965-01-01 00:00:00","Calendar 1965",162,"Day 162"
"1965-06-12 00:00:00","Saturday, June 12 1965","1965-01-01 00:00:00","Calendar 1965",163,"Day 163"
"1965-06-13 00:00:00","Sunday, June 13 1965","1965-01-01 00:00:00","Calendar 1965",164,"Day 164"
"1965-06-14 00:00:00","Monday, June 14 1965","1965-01-01 00:00:00","Calendar 1965",165,"Day 165"
"1965-06-15 00:00:00","Tuesday, June 15 1965","1965-01-01 00:00:00","Calendar 1965",166,"Day 166"
"1965-06-16 00:00:00","Wednesday, June 16 1965","1965-01-01 00:00:00","Calendar 1965",167,"Day 167"
"1965-06-17 00:00:00","Thursday, June 17 1965","1965-01-01 00:00:00","Calendar 1965",168,"Day 168"
"1965-06-18 00:00:00","Friday, June 18 1965","1965-01-01 00:00:00","Calendar 1965",169,"Day 169"
"1965-06-19 00:00:00","Saturday, June 19 1965","1965-01-01 00:00:00","Calendar 1965",170,"Day 170"
"1965-06-20 00:00:00","Sunday, June 20 1965","1965-01-01 00:00:00","Calendar 1965",171,"Day 171"
"1965-06-21 00:00:00","Monday, June 21 1965","1965-01-01 00:00:00","Calendar 1965",172,"Day 172"
"1965-06-22 00:00:00","Tuesday, June 22 1965","1965-01-01 00:00:00","Calendar 1965",173,"Day 173"
"1965-06-23 00:00:00","Wednesday, June 23 1965","1965-01-01 00:00:00","Calendar 1965",174,"Day 174"
"1965-06-24 00:00:00","Thursday, June 24 1965","1965-01-01 00:00:00","Calendar 1965",175,"Day 175"
"1965-06-25 00:00:00","Friday, June 25 1965","1965-01-01 00:00:00","Calendar 1965",176,"Day 176"
"1965-06-26 00:00:00","Saturday, June 26 1965","1965-01-01 00:00:00","Calendar 1965",177,"Day 177"
"1965-06-27 00:00:00","Sunday, June 27 1965","1965-01-01 00:00:00","Calendar 1965",178,"Day 178"
"1965-06-28 00:00:00","Monday, June 28 1965","1965-01-01 00:00:00","Calendar 1965",179,"Day 179"
"1965-06-29 00:00:00","Tuesday, June 29 1965","1965-01-01 00:00:00","Calendar 1965",180,"Day 180"
"1965-06-30 00:00:00","Wednesday, June 30 1965","1965-01-01 00:00:00","Calendar 1965",181,"Day 181"
"1965-07-01 00:00:00","Thursday, July 01 1965","1965-01-01 00:00:00","Calendar 1965",182,"Day 182"
"1965-07-02 00:00:00","Friday, July 02 1965","1965-01-01 00:00:00","Calendar 1965",183,"Day 183"
"1965-07-03 00:00:00","Saturday, July 03 1965","1965-01-01 00:00:00","Calendar 1965",184,"Day 184"
"1965-07-04 00:00:00","Sunday, July 04 1965","1965-01-01 00:00:00","Calendar 1965",185,"Day 185"
"1965-07-05 00:00:00","Monday, July 05 1965","1965-01-01 00:00:00","Calendar 1965",186,"Day 186"
"1965-07-06 00:00:00","Tuesday, July 06 1965","1965-01-01 00:00:00","Calendar 1965",187,"Day 187"
"1965-07-07 00:00:00","Wednesday, July 07 1965","1965-01-01 00:00:00","Calendar 1965",188,"Day 188"
"1965-07-08 00:00:00","Thursday, July 08 1965","1965-01-01 00:00:00","Calendar 1965",189,"Day 189"
"1965-07-09 00:00:00","Friday, July 09 1965","1965-01-01 00:00:00","Calendar 1965",190,"Day 190"
"1965-07-10 00:00:00","Saturday, July 10 1965","1965-01-01 00:00:00","Calendar 1965",191,"Day 191"
"1965-07-11 00:00:00","Sunday, July 11 1965","1965-01-01 00:00:00","Calendar 1965",192,"Day 192"
"1965-07-12 00:00:00","Monday, July 12 1965","1965-01-01 00:00:00","Calendar 1965",193,"Day 193"
"1965-07-13 00:00:00","Tuesday, July 13 1965","1965-01-01 00:00:00","Calendar 1965",194,"Day 194"
"1965-07-14 00:00:00","Wednesday, July 14 1965","1965-01-01 00:00:00","Calendar 1965",195,"Day 195"
"1965-07-15 00:00:00","Thursday, July 15 1965","1965-01-01 00:00:00","Calendar 1965",196,"Day 196"
"1965-07-16 00:00:00","Friday, July 16 1965","1965-01-01 00:00:00","Calendar 1965",197,"Day 197"
"1965-07-17 00:00:00","Saturday, July 17 1965","1965-01-01 00:00:00","Calendar 1965",198,"Day 198"
"1965-07-18 00:00:00","Sunday, July 18 1965","1965-01-01 00:00:00","Calendar 1965",199,"Day 199"
"1965-07-19 00:00:00","Monday, July 19 1965","1965-01-01 00:00:00","Calendar 1965",200,"Day 200"
"1965-07-20 00:00:00","Tuesday, July 20 1965","1965-01-01 00:00:00","Calendar 1965",201,"Day 201"
"1965-07-21 00:00:00","Wednesday, July 21 1965","1965-01-01 00:00:00","Calendar 1965",202,"Day 202"
"1965-07-22 00:00:00","Thursday, July 22 1965","1965-01-01 00:00:00","Calendar 1965",203,"Day 203"
"1965-07-23 00:00:00","Friday, July 23 1965","1965-01-01 00:00:00","Calendar 1965",204,"Day 204"
"1965-07-24 00:00:00","Saturday, July 24 1965","1965-01-01 00:00:00","Calendar 1965",205,"Day 205"
"1965-07-25 00:00:00","Sunday, July 25 1965","1965-01-01 00:00:00","Calendar 1965",206,"Day 206"
"1965-07-26 00:00:00","Monday, July 26 1965","1965-01-01 00:00:00","Calendar 1965",207,"Day 207"
"1965-07-27 00:00:00","Tuesday, July 27 1965","1965-01-01 00:00:00","Calendar 1965",208,"Day 208"
"1965-07-28 00:00:00","Wednesday, July 28 1965","1965-01-01 00:00:00","Calendar 1965",209,"Day 209"
"1965-07-29 00:00:00","Thursday, July 29 1965","1965-01-01 00:00:00","Calendar 1965",210,"Day 210"
"1965-07-30 00:00:00","Friday, July 30 1965","1965-01-01 00:00:00","Calendar 1965",211,"Day 211"
"1965-07-31 00:00:00","Saturday, July 31 1965","1965-01-01 00:00:00","Calendar 1965",212,"Day 212"
"1965-08-01 00:00:00","Sunday, August 01 1965","1965-01-01 00:00:00","Calendar 1965",213,"Day 213"
"1965-08-02 00:00:00","Monday, August 02 1965","1965-01-01 00:00:00","Calendar 1965",214,"Day 214"
"1965-08-03 00:00:00","Tuesday, August 03 1965","1965-01-01 00:00:00","Calendar 1965",215,"Day 215"
"1965-08-04 00:00:00","Wednesday, August 04 1965","1965-01-01 00:00:00","Calendar 1965",216,"Day 216"
"1965-08-05 00:00:00","Thursday, August 05 1965","1965-01-01 00:00:00","Calendar 1965",217,"Day 217"
"1965-08-06 00:00:00","Friday, August 06 1965","1965-01-01 00:00:00","Calendar 1965",218,"Day 218"
"1965-08-07 00:00:00","Saturday, August 07 1965","1965-01-01 00:00:00","Calendar 1965",219,"Day 219"
"1965-08-08 00:00:00","Sunday, August 08 1965","1965-01-01 00:00:00","Calendar 1965",220,"Day 220"
"1965-08-09 00:00:00","Monday, August 09 1965","1965-01-01 00:00:00","Calendar 1965",221,"Day 221"
"1965-08-10 00:00:00","Tuesday, August 10 1965","1965-01-01 00:00:00","Calendar 1965",222,"Day 222"
"1965-08-11 00:00:00","Wednesday, August 11 1965","1965-01-01 00:00:00","Calendar 1965",223,"Day 223"
"1965-08-12 00:00:00","Thursday, August 12 1965","1965-01-01 00:00:00","Calendar 1965",224,"Day 224"
"1965-08-13 00:00:00","Friday, August 13 1965","1965-01-01 00:00:00","Calendar 1965",225,"Day 225"
"1965-08-14 00:00:00","Saturday, August 14 1965","1965-01-01 00:00:00","Calendar 1965",226,"Day 226"
"1965-08-15 00:00:00","Sunday, August 15 1965","1965-01-01 00:00:00","Calendar 1965",227,"Day 227"
"1965-08-16 00:00:00","Monday, August 16 1965","1965-01-01 00:00:00","Calendar 1965",228,"Day 228"
"1965-08-17 00:00:00","Tuesday, August 17 1965","1965-01-01 00:00:00","Calendar 1965",229,"Day 229"
"1965-08-18 00:00:00","Wednesday, August 18 1965","1965-01-01 00:00:00","Calendar 1965",230,"Day 230"
"1965-08-19 00:00:00","Thursday, August 19 1965","1965-01-01 00:00:00","Calendar 1965",231,"Day 231"
"1965-08-20 00:00:00","Friday, August 20 1965","1965-01-01 00:00:00","Calendar 1965",232,"Day 232"
"1965-08-21 00:00:00","Saturday, August 21 1965","1965-01-01 00:00:00","Calendar 1965",233,"Day 233"
"1965-08-22 00:00:00","Sunday, August 22 1965","1965-01-01 00:00:00","Calendar 1965",234,"Day 234"
"1965-08-23 00:00:00","Monday, August 23 1965","1965-01-01 00:00:00","Calendar 1965",235,"Day 235"
"1965-08-24 00:00:00","Tuesday, August 24 1965","1965-01-01 00:00:00","Calendar 1965",236,"Day 236"
"1965-08-25 00:00:00","Wednesday, August 25 1965","1965-01-01 00:00:00","Calendar 1965",237,"Day 237"
"1965-08-26 00:00:00","Thursday, August 26 1965","1965-01-01 00:00:00","Calendar 1965",238,"Day 238"
"1965-08-27 00:00:00","Friday, August 27 1965","1965-01-01 00:00:00","Calendar 1965",239,"Day 239"
"1965-08-28 00:00:00","Saturday, August 28 1965","1965-01-01 00:00:00","Calendar 1965",240,"Day 240"
"1965-08-29 00:00:00","Sunday, August 29 1965","1965-01-01 00:00:00","Calendar 1965",241,"Day 241"
"1965-08-30 00:00:00","Monday, August 30 1965","1965-01-01 00:00:00","Calendar 1965",242,"Day 242"
"1965-08-31 00:00:00","Tuesday, August 31 1965","1965-01-01 00:00:00","Calendar 1965",243,"Day 243"
"1965-09-01 00:00:00","Wednesday, September 01 1965","1965-01-01 00:00:00","Calendar 1965",244,"Day 244"
"1965-09-02 00:00:00","Thursday, September 02 1965","1965-01-01 00:00:00","Calendar 1965",245,"Day 245"
"1965-09-03 00:00:00","Friday, September 03 1965","1965-01-01 00:00:00","Calendar 1965",246,"Day 246"
"1965-09-04 00:00:00","Saturday, September 04 1965","1965-01-01 00:00:00","Calendar 1965",247,"Day 247"
"1965-09-05 00:00:00","Sunday, September 05 1965","1965-01-01 00:00:00","Calendar 1965",248,"Day 248"
"1965-09-06 00:00:00","Monday, September 06 1965","1965-01-01 00:00:00","Calendar 1965",249,"Day 249"
"1965-09-07 00:00:00","Tuesday, September 07 1965","1965-01-01 00:00:00","Calendar 1965",250,"Day 250"
"1965-09-08 00:00:00","Wednesday, September 08 1965","1965-01-01 00:00:00","Calendar 1965",251,"Day 251"
"1965-09-09 00:00:00","Thursday, September 09 1965","1965-01-01 00:00:00","Calendar 1965",252,"Day 252"
"1965-09-10 00:00:00","Friday, September 10 1965","1965-01-01 00:00:00","Calendar 1965",253,"Day 253"
"1965-09-11 00:00:00","Saturday, September 11 1965","1965-01-01 00:00:00","Calendar 1965",254,"Day 254"
"1965-09-12 00:00:00","Sunday, September 12 1965","1965-01-01 00:00:00","Calendar 1965",255,"Day 255"
"1965-09-13 00:00:00","Monday, September 13 1965","1965-01-01 00:00:00","Calendar 1965",256,"Day 256"
"1965-09-14 00:00:00","Tuesday, September 14 1965","1965-01-01 00:00:00","Calendar 1965",257,"Day 257"
"1965-09-15 00:00:00","Wednesday, September 15 1965","1965-01-01 00:00:00","Calendar 1965",258,"Day 258"
"1965-09-16 00:00:00","Thursday, September 16 1965","1965-01-01 00:00:00","Calendar 1965",259,"Day 259"
"1965-09-17 00:00:00","Friday, September 17 1965","1965-01-01 00:00:00","Calendar 1965",260,"Day 260"
"1965-09-18 00:00:00","Saturday, September 18 1965","1965-01-01 00:00:00","Calendar 1965",261,"Day 261"
"1965-09-19 00:00:00","Sunday, September 19 1965","1965-01-01 00:00:00","Calendar 1965",262,"Day 262"
"1965-09-20 00:00:00","Monday, September 20 1965","1965-01-01 00:00:00","Calendar 1965",263,"Day 263"
"1965-09-21 00:00:00","Tuesday, September 21 1965","1965-01-01 00:00:00","Calendar 1965",264,"Day 264"
"1965-09-22 00:00:00","Wednesday, September 22 1965","1965-01-01 00:00:00","Calendar 1965",265,"Day 265"
"1965-09-23 00:00:00","Thursday, September 23 1965","1965-01-01 00:00:00","Calendar 1965",266,"Day 266"
"1965-09-24 00:00:00","Friday, September 24 1965","1965-01-01 00:00:00","Calendar 1965",267,"Day 267"
"1965-09-25 00:00:00","Saturday, September 25 1965","1965-01-01 00:00:00","Calendar 1965",268,"Day 268"
"1965-09-26 00:00:00","Sunday, September 26 1965","1965-01-01 00:00:00","Calendar 1965",269,"Day 269"
"1965-09-27 00:00:00","Monday, September 27 1965","1965-01-01 00:00:00","Calendar 1965",270,"Day 270"
"1965-09-28 00:00:00","Tuesday, September 28 1965","1965-01-01 00:00:00","Calendar 1965",271,"Day 271"
"1965-09-29 00:00:00","Wednesday, September 29 1965","1965-01-01 00:00:00","Calendar 1965",272,"Day 272"
"1965-09-30 00:00:00","Thursday, September 30 1965","1965-01-01 00:00:00","Calendar 1965",273,"Day 273"
"1965-10-01 00:00:00","Friday, October 01 1965","1965-01-01 00:00:00","Calendar 1965",274,"Day 274"
"1965-10-02 00:00:00","Saturday, October 02 1965","1965-01-01 00:00:00","Calendar 1965",275,"Day 275"
"1965-10-03 00:00:00","Sunday, October 03 1965","1965-01-01 00:00:00","Calendar 1965",276,"Day 276"
"1965-10-04 00:00:00","Monday, October 04 1965","1965-01-01 00:00:00","Calendar 1965",277,"Day 277"
"1965-10-05 00:00:00","Tuesday, October 05 1965","1965-01-01 00:00:00","Calendar 1965",278,"Day 278"
"1965-10-06 00:00:00","Wednesday, October 06 1965","1965-01-01 00:00:00","Calendar 1965",279,"Day 279"
"1965-10-07 00:00:00","Thursday, October 07 1965","1965-01-01 00:00:00","Calendar 1965",280,"Day 280"
"1965-10-08 00:00:00","Friday, October 08 1965","1965-01-01 00:00:00","Calendar 1965",281,"Day 281"
"1965-10-09 00:00:00","Saturday, October 09 1965","1965-01-01 00:00:00","Calendar 1965",282,"Day 282"
"1965-10-10 00:00:00","Sunday, October 10 1965","1965-01-01 00:00:00","Calendar 1965",283,"Day 283"
"1965-10-11 00:00:00","Monday, October 11 1965","1965-01-01 00:00:00","Calendar 1965",284,"Day 284"
"1965-10-12 00:00:00","Tuesday, October 12 1965","1965-01-01 00:00:00","Calendar 1965",285,"Day 285"
"1965-10-13 00:00:00","Wednesday, October 13 1965","1965-01-01 00:00:00","Calendar 1965",286,"Day 286"
"1965-10-14 00:00:00","Thursday, October 14 1965","1965-01-01 00:00:00","Calendar 1965",287,"Day 287"
"1965-10-15 00:00:00","Friday, October 15 1965","1965-01-01 00:00:00","Calendar 1965",288,"Day 288"
"1965-10-16 00:00:00","Saturday, October 16 1965","1965-01-01 00:00:00","Calendar 1965",289,"Day 289"
"1965-10-17 00:00:00","Sunday, October 17 1965","1965-01-01 00:00:00","Calendar 1965",290,"Day 290"
"1965-10-18 00:00:00","Monday, October 18 1965","1965-01-01 00:00:00","Calendar 1965",291,"Day 291"
"1965-10-19 00:00:00","Tuesday, October 19 1965","1965-01-01 00:00:00","Calendar 1965",292,"Day 292"
"1965-10-20 00:00:00","Wednesday, October 20 1965","1965-01-01 00:00:00","Calendar 1965",293,"Day 293"
"1965-10-21 00:00:00","Thursday, October 21 1965","1965-01-01 00:00:00","Calendar 1965",294,"Day 294"
"1965-10-22 00:00:00","Friday, October 22 1965","1965-01-01 00:00:00","Calendar 1965",295,"Day 295"
"1965-10-23 00:00:00","Saturday, October 23 1965","1965-01-01 00:00:00","Calendar 1965",296,"Day 296"
"1965-10-24 00:00:00","Sunday, October 24 1965","1965-01-01 00:00:00","Calendar 1965",297,"Day 297"
"1965-10-25 00:00:00","Monday, October 25 1965","1965-01-01 00:00:00","Calendar 1965",298,"Day 298"
"1965-10-26 00:00:00","Tuesday, October 26 1965","1965-01-01 00:00:00","Calendar 1965",299,"Day 299"
"1965-10-27 00:00:00","Wednesday, October 27 1965","1965-01-01 00:00:00","Calendar 1965",300,"Day 300"
"1965-10-28 00:00:00","Thursday, October 28 1965","1965-01-01 00:00:00","Calendar 1965",301,"Day 301"
"1965-10-29 00:00:00","Friday, October 29 1965","1965-01-01 00:00:00","Calendar 1965",302,"Day 302"
"1965-10-30 00:00:00","Saturday, October 30 1965","1965-01-01 00:00:00","Calendar 1965",303,"Day 303"
"1965-10-31 00:00:00","Sunday, October 31 1965","1965-01-01 00:00:00","Calendar 1965",304,"Day 304"
"1965-11-01 00:00:00","Monday, November 01 1965","1965-01-01 00:00:00","Calendar 1965",305,"Day 305"
"1965-11-02 00:00:00","Tuesday, November 02 1965","1965-01-01 00:00:00","Calendar 1965",306,"Day 306"
"1965-11-03 00:00:00","Wednesday, November 03 1965","1965-01-01 00:00:00","Calendar 1965",307,"Day 307"
"1965-11-04 00:00:00","Thursday, November 04 1965","1965-01-01 00:00:00","Calendar 1965",308,"Day 308"
"1965-11-05 00:00:00","Friday, November 05 1965","1965-01-01 00:00:00","Calendar 1965",309,"Day 309"
"1965-11-06 00:00:00","Saturday, November 06 1965","1965-01-01 00:00:00","Calendar 1965",310,"Day 310"
"1965-11-07 00:00:00","Sunday, November 07 1965","1965-01-01 00:00:00","Calendar 1965",311,"Day 311"
"1965-11-08 00:00:00","Monday, November 08 1965","1965-01-01 00:00:00","Calendar 1965",312,"Day 312"
"1965-11-09 00:00:00","Tuesday, November 09 1965","1965-01-01 00:00:00","Calendar 1965",313,"Day 313"
"1965-11-10 00:00:00","Wednesday, November 10 1965","1965-01-01 00:00:00","Calendar 1965",314,"Day 314"
"1965-11-11 00:00:00","Thursday, November 11 1965","1965-01-01 00:00:00","Calendar 1965",315,"Day 315"
"1965-11-12 00:00:00","Friday, November 12 1965","1965-01-01 00:00:00","Calendar 1965",316,"Day 316"
"1965-11-13 00:00:00","Saturday, November 13 1965","1965-01-01 00:00:00","Calendar 1965",317,"Day 317"
"1965-11-14 00:00:00","Sunday, November 14 1965","1965-01-01 00:00:00","Calendar 1965",318,"Day 318"
"1965-11-15 00:00:00","Monday, November 15 1965","1965-01-01 00:00:00","Calendar 1965",319,"Day 319"
"1965-11-16 00:00:00","Tuesday, November 16 1965","1965-01-01 00:00:00","Calendar 1965",320,"Day 320"
"1965-11-17 00:00:00","Wednesday, November 17 1965","1965-01-01 00:00:00","Calendar 1965",321,"Day 321"
"1965-11-18 00:00:00","Thursday, November 18 1965","1965-01-01 00:00:00","Calendar 1965",322,"Day 322"
"1965-11-19 00:00:00","Friday, November 19 1965","1965-01-01 00:00:00","Calendar 1965",323,"Day 323"
"1965-11-20 00:00:00","Saturday, November 20 1965","1965-01-01 00:00:00","Calendar 1965",324,"Day 324"
"1965-11-21 00:00:00","Sunday, November 21 1965","1965-01-01 00:00:00","Calendar 1965",325,"Day 325"
"1965-11-22 00:00:00","Monday, November 22 1965","1965-01-01 00:00:00","Calendar 1965",326,"Day 326"
"1965-11-23 00:00:00","Tuesday, November 23 1965","1965-01-01 00:00:00","Calendar 1965",327,"Day 327"
"1965-11-24 00:00:00","Wednesday, November 24 1965","1965-01-01 00:00:00","Calendar 1965",328,"Day 328"
"1965-11-25 00:00:00","Thursday, November 25 1965","1965-01-01 00:00:00","Calendar 1965",329,"Day 329"
"1965-11-26 00:00:00","Friday, November 26 1965","1965-01-01 00:00:00","Calendar 1965",330,"Day 330"
"1965-11-27 00:00:00","Saturday, November 27 1965","1965-01-01 00:00:00","Calendar 1965",331,"Day 331"
"1965-11-28 00:00:00","Sunday, November 28 1965","1965-01-01 00:00:00","Calendar 1965",332,"Day 332"
"1965-11-29 00:00:00","Monday, November 29 1965","1965-01-01 00:00:00","Calendar 1965",333,"Day 333"
"1965-11-30 00:00:00","Tuesday, November 30 1965","1965-01-01 00:00:00","Calendar 1965",334,"Day 334"
"1965-12-01 00:00:00","Wednesday, December 01 1965","1965-01-01 00:00:00","Calendar 1965",335,"Day 335"
"1965-12-02 00:00:00","Thursday, December 02 1965","1965-01-01 00:00:00","Calendar 1965",336,"Day 336"
"1965-12-03 00:00:00","Friday, December 03 1965","1965-01-01 00:00:00","Calendar 1965",337,"Day 337"
"1965-12-04 00:00:00","Saturday, December 04 1965","1965-01-01 00:00:00","Calendar 1965",338,"Day 338"
"1965-12-05 00:00:00","Sunday, December 05 1965","1965-01-01 00:00:00","Calendar 1965",339,"Day 339"
"1965-12-06 00:00:00","Monday, December 06 1965","1965-01-01 00:00:00","Calendar 1965",340,"Day 340"
"1965-12-07 00:00:00","Tuesday, December 07 1965","1965-01-01 00:00:00","Calendar 1965",341,"Day 341"
"1965-12-08 00:00:00","Wednesday, December 08 1965","1965-01-01 00:00:00","Calendar 1965",342,"Day 342"
"1965-12-09 00:00:00","Thursday, December 09 1965","1965-01-01 00:00:00","Calendar 1965",343,"Day 343"
"1965-12-10 00:00:00","Friday, December 10 1965","1965-01-01 00:00:00","Calendar 1965",344,"Day 344"
"1965-12-11 00:00:00","Saturday, December 11 1965","1965-01-01 00:00:00","Calendar 1965",345,"Day 345"
"1965-12-12 00:00:00","Sunday, December 12 1965","1965-01-01 00:00:00","Calendar 1965",346,"Day 346"
"1965-12-13 00:00:00","Monday, December 13 1965","1965-01-01 00:00:00","Calendar 1965",347,"Day 347"
"1965-12-14 00:00:00","Tuesday, December 14 1965","1965-01-01 00:00:00","Calendar 1965",348,"Day 348"
"1965-12-15 00:00:00","Wednesday, December 15 1965","1965-01-01 00:00:00","Calendar 1965",349,"Day 349"
"1965-12-16 00:00:00","Thursday, December 16 1965","1965-01-01 00:00:00","Calendar 1965",350,"Day 350"
"1965-12-17 00:00:00","Friday, December 17 1965","1965-01-01 00:00:00","Calendar 1965",351,"Day 351"
"1965-12-18 00:00:00","Saturday, December 18 1965","1965-01-01 00:00:00","Calendar 1965",352,"Day 352"
"1965-12-19 00:00:00","Sunday, December 19 1965","1965-01-01 00:00:00","Calendar 1965",353,"Day 353"
"1965-12-20 00:00:00","Monday, December 20 1965","1965-01-01 00:00:00","Calendar 1965",354,"Day 354"
"1965-12-21 00:00:00","Tuesday, December 21 1965","1965-01-01 00:00:00","Calendar 1965",355,"Day 355"
"1965-12-22 00:00:00","Wednesday, December 22 1965","1965-01-01 00:00:00","Calendar 1965",356,"Day 356"
"1965-12-23 00:00:00","Thursday, December 23 1965","1965-01-01 00:00:00","Calendar 1965",357,"Day 357"
"1965-12-24 00:00:00","Friday, December 24 1965","1965-01-01 00:00:00","Calendar 1965",358,"Day 358"
"1965-12-25 00:00:00","Saturday, December 25 1965","1965-01-01 00:00:00","Calendar 1965",359,"Day 359"
"1965-12-26 00:00:00","Sunday, December 26 1965","1965-01-01 00:00:00","Calendar 1965",360,"Day 360"
"1965-12-27 00:00:00","Monday, December 27 1965","1965-01-01 00:00:00","Calendar 1965",361,"Day 361"
"1965-12-28 00:00:00","Tuesday, December 28 1965","1965-01-01 00:00:00","Calendar 1965",362,"Day 362"
"1965-12-29 00:00:00","Wednesday, December 29 1965","1965-01-01 00:00:00","Calendar 1965",363,"Day 363"
"1965-12-30 00:00:00","Thursday, December 30 1965","1965-01-01 00:00:00","Calendar 1965",364,"Day 364"
"1965-12-31 00:00:00","Friday, December 31 1965","1965-01-01 00:00:00","Calendar 1965",365,"Day 365"
"1966-01-01 00:00:00","Saturday, January 01 1966","1966-01-01 00:00:00","Calendar 1966",1,"Day 1"
"1966-01-02 00:00:00","Sunday, January 02 1966","1966-01-01 00:00:00","Calendar 1966",2,"Day 2"
"1966-01-03 00:00:00","Monday, January 03 1966","1966-01-01 00:00:00","Calendar 1966",3,"Day 3"
"1966-01-04 00:00:00","Tuesday, January 04 1966","1966-01-01 00:00:00","Calendar 1966",4,"Day 4"
"1966-01-05 00:00:00","Wednesday, January 05 1966","1966-01-01 00:00:00","Calendar 1966",5,"Day 5"
"1966-01-06 00:00:00","Thursday, January 06 1966","1966-01-01 00:00:00","Calendar 1966",6,"Day 6"
"1966-01-07 00:00:00","Friday, January 07 1966","1966-01-01 00:00:00","Calendar 1966",7,"Day 7"
"1966-01-08 00:00:00","Saturday, January 08 1966","1966-01-01 00:00:00","Calendar 1966",8,"Day 8"
"1966-01-09 00:00:00","Sunday, January 09 1966","1966-01-01 00:00:00","Calendar 1966",9,"Day 9"
"1966-01-10 00:00:00","Monday, January 10 1966","1966-01-01 00:00:00","Calendar 1966",10,"Day 10"
"1966-01-11 00:00:00","Tuesday, January 11 1966","1966-01-01 00:00:00","Calendar 1966",11,"Day 11"
"1966-01-12 00:00:00","Wednesday, January 12 1966","1966-01-01 00:00:00","Calendar 1966",12,"Day 12"
"1966-01-13 00:00:00","Thursday, January 13 1966","1966-01-01 00:00:00","Calendar 1966",13,"Day 13"
"1966-01-14 00:00:00","Friday, January 14 1966","1966-01-01 00:00:00","Calendar 1966",14,"Day 14"
"1966-01-15 00:00:00","Saturday, January 15 1966","1966-01-01 00:00:00","Calendar 1966",15,"Day 15"
"1966-01-16 00:00:00","Sunday, January 16 1966","1966-01-01 00:00:00","Calendar 1966",16,"Day 16"
"1966-01-17 00:00:00","Monday, January 17 1966","1966-01-01 00:00:00","Calendar 1966",17,"Day 17"
"1966-01-18 00:00:00","Tuesday, January 18 1966","1966-01-01 00:00:00","Calendar 1966",18,"Day 18"
"1966-01-19 00:00:00","Wednesday, January 19 1966","1966-01-01 00:00:00","Calendar 1966",19,"Day 19"
"1966-01-20 00:00:00","Thursday, January 20 1966","1966-01-01 00:00:00","Calendar 1966",20,"Day 20"
"1966-01-21 00:00:00","Friday, January 21 1966","1966-01-01 00:00:00","Calendar 1966",21,"Day 21"
"1966-01-22 00:00:00","Saturday, January 22 1966","1966-01-01 00:00:00","Calendar 1966",22,"Day 22"
"1966-01-23 00:00:00","Sunday, January 23 1966","1966-01-01 00:00:00","Calendar 1966",23,"Day 23"
"1966-01-24 00:00:00","Monday, January 24 1966","1966-01-01 00:00:00","Calendar 1966",24,"Day 24"
"1966-01-25 00:00:00","Tuesday, January 25 1966","1966-01-01 00:00:00","Calendar 1966",25,"Day 25"
"1966-01-26 00:00:00","Wednesday, January 26 1966","1966-01-01 00:00:00","Calendar 1966",26,"Day 26"
"1966-01-27 00:00:00","Thursday, January 27 1966","1966-01-01 00:00:00","Calendar 1966",27,"Day 27"
"1966-01-28 00:00:00","Friday, January 28 1966","1966-01-01 00:00:00","Calendar 1966",28,"Day 28"
"1966-01-29 00:00:00","Saturday, January 29 1966","1966-01-01 00:00:00","Calendar 1966",29,"Day 29"
"1966-01-30 00:00:00","Sunday, January 30 1966","1966-01-01 00:00:00","Calendar 1966",30,"Day 30"
"1966-01-31 00:00:00","Monday, January 31 1966","1966-01-01 00:00:00","Calendar 1966",31,"Day 31"
"1966-02-01 00:00:00","Tuesday, February 01 1966","1966-01-01 00:00:00","Calendar 1966",32,"Day 32"
"1966-02-02 00:00:00","Wednesday, February 02 1966","1966-01-01 00:00:00","Calendar 1966",33,"Day 33"
"1966-02-03 00:00:00","Thursday, February 03 1966","1966-01-01 00:00:00","Calendar 1966",34,"Day 34"
"1966-02-04 00:00:00","Friday, February 04 1966","1966-01-01 00:00:00","Calendar 1966",35,"Day 35"
"1966-02-05 00:00:00","Saturday, February 05 1966","1966-01-01 00:00:00","Calendar 1966",36,"Day 36"
"1966-02-06 00:00:00","Sunday, February 06 1966","1966-01-01 00:00:00","Calendar 1966",37,"Day 37"
"1966-02-07 00:00:00","Monday, February 07 1966","1966-01-01 00:00:00","Calendar 1966",38,"Day 38"
"1966-02-08 00:00:00","Tuesday, February 08 1966","1966-01-01 00:00:00","Calendar 1966",39,"Day 39"
"1966-02-09 00:00:00","Wednesday, February 09 1966","1966-01-01 00:00:00","Calendar 1966",40,"Day 40"
"1966-02-10 00:00:00","Thursday, February 10 1966","1966-01-01 00:00:00","Calendar 1966",41,"Day 41"
"1966-02-11 00:00:00","Friday, February 11 1966","1966-01-01 00:00:00","Calendar 1966",42,"Day 42"
"1966-02-12 00:00:00","Saturday, February 12 1966","1966-01-01 00:00:00","Calendar 1966",43,"Day 43"
"1966-02-13 00:00:00","Sunday, February 13 1966","1966-01-01 00:00:00","Calendar 1966",44,"Day 44"
"1966-02-14 00:00:00","Monday, February 14 1966","1966-01-01 00:00:00","Calendar 1966",45,"Day 45"
"1966-02-15 00:00:00","Tuesday, February 15 1966","1966-01-01 00:00:00","Calendar 1966",46,"Day 46"
"1966-02-16 00:00:00","Wednesday, February 16 1966","1966-01-01 00:00:00","Calendar 1966",47,"Day 47"
"1966-02-17 00:00:00","Thursday, February 17 1966","1966-01-01 00:00:00","Calendar 1966",48,"Day 48"
"1966-02-18 00:00:00","Friday, February 18 1966","1966-01-01 00:00:00","Calendar 1966",49,"Day 49"
"1966-02-19 00:00:00","Saturday, February 19 1966","1966-01-01 00:00:00","Calendar 1966",50,"Day 50"
"1966-02-20 00:00:00","Sunday, February 20 1966","1966-01-01 00:00:00","Calendar 1966",51,"Day 51"
"1966-02-21 00:00:00","Monday, February 21 1966","1966-01-01 00:00:00","Calendar 1966",52,"Day 52"
"1966-02-22 00:00:00","Tuesday, February 22 1966","1966-01-01 00:00:00","Calendar 1966",53,"Day 53"
"1966-02-23 00:00:00","Wednesday, February 23 1966","1966-01-01 00:00:00","Calendar 1966",54,"Day 54"
"1966-02-24 00:00:00","Thursday, February 24 1966","1966-01-01 00:00:00","Calendar 1966",55,"Day 55"
"1966-02-25 00:00:00","Friday, February 25 1966","1966-01-01 00:00:00","Calendar 1966",56,"Day 56"
"1966-02-26 00:00:00","Saturday, February 26 1966","1966-01-01 00:00:00","Calendar 1966",57,"Day 57"
"1966-02-27 00:00:00","Sunday, February 27 1966","1966-01-01 00:00:00","Calendar 1966",58,"Day 58"
"1966-02-28 00:00:00","Monday, February 28 1966","1966-01-01 00:00:00","Calendar 1966",59,"Day 59"
"1966-03-01 00:00:00","Tuesday, March 01 1966","1966-01-01 00:00:00","Calendar 1966",60,"Day 60"
"1966-03-02 00:00:00","Wednesday, March 02 1966","1966-01-01 00:00:00","Calendar 1966",61,"Day 61"
"1966-03-03 00:00:00","Thursday, March 03 1966","1966-01-01 00:00:00","Calendar 1966",62,"Day 62"
"1966-03-04 00:00:00","Friday, March 04 1966","1966-01-01 00:00:00","Calendar 1966",63,"Day 63"
"1966-03-05 00:00:00","Saturday, March 05 1966","1966-01-01 00:00:00","Calendar 1966",64,"Day 64"
"1966-03-06 00:00:00","Sunday, March 06 1966","1966-01-01 00:00:00","Calendar 1966",65,"Day 65"
"1966-03-07 00:00:00","Monday, March 07 1966","1966-01-01 00:00:00","Calendar 1966",66,"Day 66"
"1966-03-08 00:00:00","Tuesday, March 08 1966","1966-01-01 00:00:00","Calendar 1966",67,"Day 67"
"1966-03-09 00:00:00","Wednesday, March 09 1966","1966-01-01 00:00:00","Calendar 1966",68,"Day 68"
"1966-03-10 00:00:00","Thursday, March 10 1966","1966-01-01 00:00:00","Calendar 1966",69,"Day 69"
"1966-03-11 00:00:00","Friday, March 11 1966","1966-01-01 00:00:00","Calendar 1966",70,"Day 70"
"1966-03-12 00:00:00","Saturday, March 12 1966","1966-01-01 00:00:00","Calendar 1966",71,"Day 71"
"1966-03-13 00:00:00","Sunday, March 13 1966","1966-01-01 00:00:00","Calendar 1966",72,"Day 72"
"1966-03-14 00:00:00","Monday, March 14 1966","1966-01-01 00:00:00","Calendar 1966",73,"Day 73"
"1966-03-15 00:00:00","Tuesday, March 15 1966","1966-01-01 00:00:00","Calendar 1966",74,"Day 74"
"1966-03-16 00:00:00","Wednesday, March 16 1966","1966-01-01 00:00:00","Calendar 1966",75,"Day 75"
"1966-03-17 00:00:00","Thursday, March 17 1966","1966-01-01 00:00:00","Calendar 1966",76,"Day 76"
"1966-03-18 00:00:00","Friday, March 18 1966","1966-01-01 00:00:00","Calendar 1966",77,"Day 77"
"1966-03-19 00:00:00","Saturday, March 19 1966","1966-01-01 00:00:00","Calendar 1966",78,"Day 78"
"1966-03-20 00:00:00","Sunday, March 20 1966","1966-01-01 00:00:00","Calendar 1966",79,"Day 79"
"1966-03-21 00:00:00","Monday, March 21 1966","1966-01-01 00:00:00","Calendar 1966",80,"Day 80"
"1966-03-22 00:00:00","Tuesday, March 22 1966","1966-01-01 00:00:00","Calendar 1966",81,"Day 81"
"1966-03-23 00:00:00","Wednesday, March 23 1966","1966-01-01 00:00:00","Calendar 1966",82,"Day 82"
"1966-03-24 00:00:00","Thursday, March 24 1966","1966-01-01 00:00:00","Calendar 1966",83,"Day 83"
"1966-03-25 00:00:00","Friday, March 25 1966","1966-01-01 00:00:00","Calendar 1966",84,"Day 84"
"1966-03-26 00:00:00","Saturday, March 26 1966","1966-01-01 00:00:00","Calendar 1966",85,"Day 85"
"1966-03-27 00:00:00","Sunday, March 27 1966","1966-01-01 00:00:00","Calendar 1966",86,"Day 86"
"1966-03-28 00:00:00","Monday, March 28 1966","1966-01-01 00:00:00","Calendar 1966",87,"Day 87"
"1966-03-29 00:00:00","Tuesday, March 29 1966","1966-01-01 00:00:00","Calendar 1966",88,"Day 88"
"1966-03-30 00:00:00","Wednesday, March 30 1966","1966-01-01 00:00:00","Calendar 1966",89,"Day 89"
"1966-03-31 00:00:00","Thursday, March 31 1966","1966-01-01 00:00:00","Calendar 1966",90,"Day 90"
"1966-04-01 00:00:00","Friday, April 01 1966","1966-01-01 00:00:00","Calendar 1966",91,"Day 91"
"1966-04-02 00:00:00","Saturday, April 02 1966","1966-01-01 00:00:00","Calendar 1966",92,"Day 92"
"1966-04-03 00:00:00","Sunday, April 03 1966","1966-01-01 00:00:00","Calendar 1966",93,"Day 93"
"1966-04-04 00:00:00","Monday, April 04 1966","1966-01-01 00:00:00","Calendar 1966",94,"Day 94"
"1966-04-05 00:00:00","Tuesday, April 05 1966","1966-01-01 00:00:00","Calendar 1966",95,"Day 95"
"1966-04-06 00:00:00","Wednesday, April 06 1966","1966-01-01 00:00:00","Calendar 1966",96,"Day 96"
"1966-04-07 00:00:00","Thursday, April 07 1966","1966-01-01 00:00:00","Calendar 1966",97,"Day 97"
"1966-04-08 00:00:00","Friday, April 08 1966","1966-01-01 00:00:00","Calendar 1966",98,"Day 98"
"1966-04-09 00:00:00","Saturday, April 09 1966","1966-01-01 00:00:00","Calendar 1966",99,"Day 99"
"1966-04-10 00:00:00","Sunday, April 10 1966","1966-01-01 00:00:00","Calendar 1966",100,"Day 100"
"1966-04-11 00:00:00","Monday, April 11 1966","1966-01-01 00:00:00","Calendar 1966",101,"Day 101"
"1966-04-12 00:00:00","Tuesday, April 12 1966","1966-01-01 00:00:00","Calendar 1966",102,"Day 102"
"1966-04-13 00:00:00","Wednesday, April 13 1966","1966-01-01 00:00:00","Calendar 1966",103,"Day 103"
"1966-04-14 00:00:00","Thursday, April 14 1966","1966-01-01 00:00:00","Calendar 1966",104,"Day 104"
"1966-04-15 00:00:00","Friday, April 15 1966","1966-01-01 00:00:00","Calendar 1966",105,"Day 105"
"1966-04-16 00:00:00","Saturday, April 16 1966","1966-01-01 00:00:00","Calendar 1966",106,"Day 106"
"1966-04-17 00:00:00","Sunday, April 17 1966","1966-01-01 00:00:00","Calendar 1966",107,"Day 107"
"1966-04-18 00:00:00","Monday, April 18 1966","1966-01-01 00:00:00","Calendar 1966",108,"Day 108"
"1966-04-19 00:00:00","Tuesday, April 19 1966","1966-01-01 00:00:00","Calendar 1966",109,"Day 109"
"1966-04-20 00:00:00","Wednesday, April 20 1966","1966-01-01 00:00:00","Calendar 1966",110,"Day 110"
"1966-04-21 00:00:00","Thursday, April 21 1966","1966-01-01 00:00:00","Calendar 1966",111,"Day 111"
"1966-04-22 00:00:00","Friday, April 22 1966","1966-01-01 00:00:00","Calendar 1966",112,"Day 112"
"1966-04-23 00:00:00","Saturday, April 23 1966","1966-01-01 00:00:00","Calendar 1966",113,"Day 113"
"1966-04-24 00:00:00","Sunday, April 24 1966","1966-01-01 00:00:00","Calendar 1966",114,"Day 114"
"1966-04-25 00:00:00","Monday, April 25 1966","1966-01-01 00:00:00","Calendar 1966",115,"Day 115"
"1966-04-26 00:00:00","Tuesday, April 26 1966","1966-01-01 00:00:00","Calendar 1966",116,"Day 116"
"1966-04-27 00:00:00","Wednesday, April 27 1966","1966-01-01 00:00:00","Calendar 1966",117,"Day 117"
"1966-04-28 00:00:00","Thursday, April 28 1966","1966-01-01 00:00:00","Calendar 1966",118,"Day 118"
"1966-04-29 00:00:00","Friday, April 29 1966","1966-01-01 00:00:00","Calendar 1966",119,"Day 119"
"1966-04-30 00:00:00","Saturday, April 30 1966","1966-01-01 00:00:00","Calendar 1966",120,"Day 120"
"1966-05-01 00:00:00","Sunday, May 01 1966","1966-01-01 00:00:00","Calendar 1966",121,"Day 121"
"1966-05-02 00:00:00","Monday, May 02 1966","1966-01-01 00:00:00","Calendar 1966",122,"Day 122"
"1966-05-03 00:00:00","Tuesday, May 03 1966","1966-01-01 00:00:00","Calendar 1966",123,"Day 123"
"1966-05-04 00:00:00","Wednesday, May 04 1966","1966-01-01 00:00:00","Calendar 1966",124,"Day 124"
"1966-05-05 00:00:00","Thursday, May 05 1966","1966-01-01 00:00:00","Calendar 1966",125,"Day 125"
"1966-05-06 00:00:00","Friday, May 06 1966","1966-01-01 00:00:00","Calendar 1966",126,"Day 126"
"1966-05-07 00:00:00","Saturday, May 07 1966","1966-01-01 00:00:00","Calendar 1966",127,"Day 127"
"1966-05-08 00:00:00","Sunday, May 08 1966","1966-01-01 00:00:00","Calendar 1966",128,"Day 128"
"1966-05-09 00:00:00","Monday, May 09 1966","1966-01-01 00:00:00","Calendar 1966",129,"Day 129"
"1966-05-10 00:00:00","Tuesday, May 10 1966","1966-01-01 00:00:00","Calendar 1966",130,"Day 130"
"1966-05-11 00:00:00","Wednesday, May 11 1966","1966-01-01 00:00:00","Calendar 1966",131,"Day 131"
"1966-05-12 00:00:00","Thursday, May 12 1966","1966-01-01 00:00:00","Calendar 1966",132,"Day 132"
"1966-05-13 00:00:00","Friday, May 13 1966","1966-01-01 00:00:00","Calendar 1966",133,"Day 133"
"1966-05-14 00:00:00","Saturday, May 14 1966","1966-01-01 00:00:00","Calendar 1966",134,"Day 134"
"1966-05-15 00:00:00","Sunday, May 15 1966","1966-01-01 00:00:00","Calendar 1966",135,"Day 135"
"1966-05-16 00:00:00","Monday, May 16 1966","1966-01-01 00:00:00","Calendar 1966",136,"Day 136"
"1966-05-17 00:00:00","Tuesday, May 17 1966","1966-01-01 00:00:00","Calendar 1966",137,"Day 137"
"1966-05-18 00:00:00","Wednesday, May 18 1966","1966-01-01 00:00:00","Calendar 1966",138,"Day 138"
"1966-05-19 00:00:00","Thursday, May 19 1966","1966-01-01 00:00:00","Calendar 1966",139,"Day 139"
"1966-05-20 00:00:00","Friday, May 20 1966","1966-01-01 00:00:00","Calendar 1966",140,"Day 140"
"1966-05-21 00:00:00","Saturday, May 21 1966","1966-01-01 00:00:00","Calendar 1966",141,"Day 141"
"1966-05-22 00:00:00","Sunday, May 22 1966","1966-01-01 00:00:00","Calendar 1966",142,"Day 142"
"1966-05-23 00:00:00","Monday, May 23 1966","1966-01-01 00:00:00","Calendar 1966",143,"Day 143"
"1966-05-24 00:00:00","Tuesday, May 24 1966","1966-01-01 00:00:00","Calendar 1966",144,"Day 144"
"1966-05-25 00:00:00","Wednesday, May 25 1966","1966-01-01 00:00:00","Calendar 1966",145,"Day 145"
"1966-05-26 00:00:00","Thursday, May 26 1966","1966-01-01 00:00:00","Calendar 1966",146,"Day 146"
"1966-05-27 00:00:00","Friday, May 27 1966","1966-01-01 00:00:00","Calendar 1966",147,"Day 147"
"1966-05-28 00:00:00","Saturday, May 28 1966","1966-01-01 00:00:00","Calendar 1966",148,"Day 148"
"1966-05-29 00:00:00","Sunday, May 29 1966","1966-01-01 00:00:00","Calendar 1966",149,"Day 149"
"1966-05-30 00:00:00","Monday, May 30 1966","1966-01-01 00:00:00","Calendar 1966",150,"Day 150"
"1966-05-31 00:00:00","Tuesday, May 31 1966","1966-01-01 00:00:00","Calendar 1966",151,"Day 151"
"1966-06-01 00:00:00","Wednesday, June 01 1966","1966-01-01 00:00:00","Calendar 1966",152,"Day 152"
"1966-06-02 00:00:00","Thursday, June 02 1966","1966-01-01 00:00:00","Calendar 1966",153,"Day 153"
"1966-06-03 00:00:00","Friday, June 03 1966","1966-01-01 00:00:00","Calendar 1966",154,"Day 154"
"1966-06-04 00:00:00","Saturday, June 04 1966","1966-01-01 00:00:00","Calendar 1966",155,"Day 155"
"1966-06-05 00:00:00","Sunday, June 05 1966","1966-01-01 00:00:00","Calendar 1966",156,"Day 156"
"1966-06-06 00:00:00","Monday, June 06 1966","1966-01-01 00:00:00","Calendar 1966",157,"Day 157"
"1966-06-07 00:00:00","Tuesday, June 07 1966","1966-01-01 00:00:00","Calendar 1966",158,"Day 158"
"1966-06-08 00:00:00","Wednesday, June 08 1966","1966-01-01 00:00:00","Calendar 1966",159,"Day 159"
"1966-06-09 00:00:00","Thursday, June 09 1966","1966-01-01 00:00:00","Calendar 1966",160,"Day 160"
"1966-06-10 00:00:00","Friday, June 10 1966","1966-01-01 00:00:00","Calendar 1966",161,"Day 161"
"1966-06-11 00:00:00","Saturday, June 11 1966","1966-01-01 00:00:00","Calendar 1966",162,"Day 162"
"1966-06-12 00:00:00","Sunday, June 12 1966","1966-01-01 00:00:00","Calendar 1966",163,"Day 163"
"1966-06-13 00:00:00","Monday, June 13 1966","1966-01-01 00:00:00","Calendar 1966",164,"Day 164"
"1966-06-14 00:00:00","Tuesday, June 14 1966","1966-01-01 00:00:00","Calendar 1966",165,"Day 165"
"1966-06-15 00:00:00","Wednesday, June 15 1966","1966-01-01 00:00:00","Calendar 1966",166,"Day 166"
"1966-06-16 00:00:00","Thursday, June 16 1966","1966-01-01 00:00:00","Calendar 1966",167,"Day 167"
"1966-06-17 00:00:00","Friday, June 17 1966","1966-01-01 00:00:00","Calendar 1966",168,"Day 168"
"1966-06-18 00:00:00","Saturday, June 18 1966","1966-01-01 00:00:00","Calendar 1966",169,"Day 169"
"1966-06-19 00:00:00","Sunday, June 19 1966","1966-01-01 00:00:00","Calendar 1966",170,"Day 170"
"1966-06-20 00:00:00","Monday, June 20 1966","1966-01-01 00:00:00","Calendar 1966",171,"Day 171"
"1966-06-21 00:00:00","Tuesday, June 21 1966","1966-01-01 00:00:00","Calendar 1966",172,"Day 172"
"1966-06-22 00:00:00","Wednesday, June 22 1966","1966-01-01 00:00:00","Calendar 1966",173,"Day 173"
"1966-06-23 00:00:00","Thursday, June 23 1966","1966-01-01 00:00:00","Calendar 1966",174,"Day 174"
"1966-06-24 00:00:00","Friday, June 24 1966","1966-01-01 00:00:00","Calendar 1966",175,"Day 175"
"1966-06-25 00:00:00","Saturday, June 25 1966","1966-01-01 00:00:00","Calendar 1966",176,"Day 176"
"1966-06-26 00:00:00","Sunday, June 26 1966","1966-01-01 00:00:00","Calendar 1966",177,"Day 177"
"1966-06-27 00:00:00","Monday, June 27 1966","1966-01-01 00:00:00","Calendar 1966",178,"Day 178"
"1966-06-28 00:00:00","Tuesday, June 28 1966","1966-01-01 00:00:00","Calendar 1966",179,"Day 179"
"1966-06-29 00:00:00","Wednesday, June 29 1966","1966-01-01 00:00:00","Calendar 1966",180,"Day 180"
"1966-06-30 00:00:00","Thursday, June 30 1966","1966-01-01 00:00:00","Calendar 1966",181,"Day 181"
"1966-07-01 00:00:00","Friday, July 01 1966","1966-01-01 00:00:00","Calendar 1966",182,"Day 182"
"1966-07-02 00:00:00","Saturday, July 02 1966","1966-01-01 00:00:00","Calendar 1966",183,"Day 183"
"1966-07-03 00:00:00","Sunday, July 03 1966","1966-01-01 00:00:00","Calendar 1966",184,"Day 184"
"1966-07-04 00:00:00","Monday, July 04 1966","1966-01-01 00:00:00","Calendar 1966",185,"Day 185"
"1966-07-05 00:00:00","Tuesday, July 05 1966","1966-01-01 00:00:00","Calendar 1966",186,"Day 186"
"1966-07-06 00:00:00","Wednesday, July 06 1966","1966-01-01 00:00:00","Calendar 1966",187,"Day 187"
"1966-07-07 00:00:00","Thursday, July 07 1966","1966-01-01 00:00:00","Calendar 1966",188,"Day 188"
"1966-07-08 00:00:00","Friday, July 08 1966","1966-01-01 00:00:00","Calendar 1966",189,"Day 189"
"1966-07-09 00:00:00","Saturday, July 09 1966","1966-01-01 00:00:00","Calendar 1966",190,"Day 190"
"1966-07-10 00:00:00","Sunday, July 10 1966","1966-01-01 00:00:00","Calendar 1966",191,"Day 191"
"1966-07-11 00:00:00","Monday, July 11 1966","1966-01-01 00:00:00","Calendar 1966",192,"Day 192"
"1966-07-12 00:00:00","Tuesday, July 12 1966","1966-01-01 00:00:00","Calendar 1966",193,"Day 193"
"1966-07-13 00:00:00","Wednesday, July 13 1966","1966-01-01 00:00:00","Calendar 1966",194,"Day 194"
"1966-07-14 00:00:00","Thursday, July 14 1966","1966-01-01 00:00:00","Calendar 1966",195,"Day 195"
"1966-07-15 00:00:00","Friday, July 15 1966","1966-01-01 00:00:00","Calendar 1966",196,"Day 196"
"1966-07-16 00:00:00","Saturday, July 16 1966","1966-01-01 00:00:00","Calendar 1966",197,"Day 197"
"1966-07-17 00:00:00","Sunday, July 17 1966","1966-01-01 00:00:00","Calendar 1966",198,"Day 198"
"1966-07-18 00:00:00","Monday, July 18 1966","1966-01-01 00:00:00","Calendar 1966",199,"Day 199"
"1966-07-19 00:00:00","Tuesday, July 19 1966","1966-01-01 00:00:00","Calendar 1966",200,"Day 200"
"1966-07-20 00:00:00","Wednesday, July 20 1966","1966-01-01 00:00:00","Calendar 1966",201,"Day 201"
"1966-07-21 00:00:00","Thursday, July 21 1966","1966-01-01 00:00:00","Calendar 1966",202,"Day 202"
"1966-07-22 00:00:00","Friday, July 22 1966","1966-01-01 00:00:00","Calendar 1966",203,"Day 203"
"1966-07-23 00:00:00","Saturday, July 23 1966","1966-01-01 00:00:00","Calendar 1966",204,"Day 204"
"1966-07-24 00:00:00","Sunday, July 24 1966","1966-01-01 00:00:00","Calendar 1966",205,"Day 205"
"1966-07-25 00:00:00","Monday, July 25 1966","1966-01-01 00:00:00","Calendar 1966",206,"Day 206"
"1966-07-26 00:00:00","Tuesday, July 26 1966","1966-01-01 00:00:00","Calendar 1966",207,"Day 207"
"1966-07-27 00:00:00","Wednesday, July 27 1966","1966-01-01 00:00:00","Calendar 1966",208,"Day 208"
"1966-07-28 00:00:00","Thursday, July 28 1966","1966-01-01 00:00:00","Calendar 1966",209,"Day 209"
"1966-07-29 00:00:00","Friday, July 29 1966","1966-01-01 00:00:00","Calendar 1966",210,"Day 210"
"1966-07-30 00:00:00","Saturday, July 30 1966","1966-01-01 00:00:00","Calendar 1966",211,"Day 211"
"1966-07-31 00:00:00","Sunday, July 31 1966","1966-01-01 00:00:00","Calendar 1966",212,"Day 212"
"1966-08-01 00:00:00","Monday, August 01 1966","1966-01-01 00:00:00","Calendar 1966",213,"Day 213"
"1966-08-02 00:00:00","Tuesday, August 02 1966","1966-01-01 00:00:00","Calendar 1966",214,"Day 214"
"1966-08-03 00:00:00","Wednesday, August 03 1966","1966-01-01 00:00:00","Calendar 1966",215,"Day 215"
"1966-08-04 00:00:00","Thursday, August 04 1966","1966-01-01 00:00:00","Calendar 1966",216,"Day 216"
"1966-08-05 00:00:00","Friday, August 05 1966","1966-01-01 00:00:00","Calendar 1966",217,"Day 217"
"1966-08-06 00:00:00","Saturday, August 06 1966","1966-01-01 00:00:00","Calendar 1966",218,"Day 218"
"1966-08-07 00:00:00","Sunday, August 07 1966","1966-01-01 00:00:00","Calendar 1966",219,"Day 219"
"1966-08-08 00:00:00","Monday, August 08 1966","1966-01-01 00:00:00","Calendar 1966",220,"Day 220"
"1966-08-09 00:00:00","Tuesday, August 09 1966","1966-01-01 00:00:00","Calendar 1966",221,"Day 221"
"1966-08-10 00:00:00","Wednesday, August 10 1966","1966-01-01 00:00:00","Calendar 1966",222,"Day 222"
"1966-08-11 00:00:00","Thursday, August 11 1966","1966-01-01 00:00:00","Calendar 1966",223,"Day 223"
"1966-08-12 00:00:00","Friday, August 12 1966","1966-01-01 00:00:00","Calendar 1966",224,"Day 224"
"1966-08-13 00:00:00","Saturday, August 13 1966","1966-01-01 00:00:00","Calendar 1966",225,"Day 225"
"1966-08-14 00:00:00","Sunday, August 14 1966","1966-01-01 00:00:00","Calendar 1966",226,"Day 226"
"1966-08-15 00:00:00","Monday, August 15 1966","1966-01-01 00:00:00","Calendar 1966",227,"Day 227"
"1966-08-16 00:00:00","Tuesday, August 16 1966","1966-01-01 00:00:00","Calendar 1966",228,"Day 228"
"1966-08-17 00:00:00","Wednesday, August 17 1966","1966-01-01 00:00:00","Calendar 1966",229,"Day 229"
"1966-08-18 00:00:00","Thursday, August 18 1966","1966-01-01 00:00:00","Calendar 1966",230,"Day 230"
"1966-08-19 00:00:00","Friday, August 19 1966","1966-01-01 00:00:00","Calendar 1966",231,"Day 231"
"1966-08-20 00:00:00","Saturday, August 20 1966","1966-01-01 00:00:00","Calendar 1966",232,"Day 232"
"1966-08-21 00:00:00","Sunday, August 21 1966","1966-01-01 00:00:00","Calendar 1966",233,"Day 233"
"1966-08-22 00:00:00","Monday, August 22 1966","1966-01-01 00:00:00","Calendar 1966",234,"Day 234"
"1966-08-23 00:00:00","Tuesday, August 23 1966","1966-01-01 00:00:00","Calendar 1966",235,"Day 235"
"1966-08-24 00:00:00","Wednesday, August 24 1966","1966-01-01 00:00:00","Calendar 1966",236,"Day 236"
"1966-08-25 00:00:00","Thursday, August 25 1966","1966-01-01 00:00:00","Calendar 1966",237,"Day 237"
"1966-08-26 00:00:00","Friday, August 26 1966","1966-01-01 00:00:00","Calendar 1966",238,"Day 238"
"1966-08-27 00:00:00","Saturday, August 27 1966","1966-01-01 00:00:00","Calendar 1966",239,"Day 239"
"1966-08-28 00:00:00","Sunday, August 28 1966","1966-01-01 00:00:00","Calendar 1966",240,"Day 240"
"1966-08-29 00:00:00","Monday, August 29 1966","1966-01-01 00:00:00","Calendar 1966",241,"Day 241"
"1966-08-30 00:00:00","Tuesday, August 30 1966","1966-01-01 00:00:00","Calendar 1966",242,"Day 242"
"1966-08-31 00:00:00","Wednesday, August 31 1966","1966-01-01 00:00:00","Calendar 1966",243,"Day 243"
"1966-09-01 00:00:00","Thursday, September 01 1966","1966-01-01 00:00:00","Calendar 1966",244,"Day 244"
"1966-09-02 00:00:00","Friday, September 02 1966","1966-01-01 00:00:00","Calendar 1966",245,"Day 245"
"1966-09-03 00:00:00","Saturday, September 03 1966","1966-01-01 00:00:00","Calendar 1966",246,"Day 246"
"1966-09-04 00:00:00","Sunday, September 04 1966","1966-01-01 00:00:00","Calendar 1966",247,"Day 247"
"1966-09-05 00:00:00","Monday, September 05 1966","1966-01-01 00:00:00","Calendar 1966",248,"Day 248"
"1966-09-06 00:00:00","Tuesday, September 06 1966","1966-01-01 00:00:00","Calendar 1966",249,"Day 249"
"1966-09-07 00:00:00","Wednesday, September 07 1966","1966-01-01 00:00:00","Calendar 1966",250,"Day 250"
"1966-09-08 00:00:00","Thursday, September 08 1966","1966-01-01 00:00:00","Calendar 1966",251,"Day 251"
"1966-09-09 00:00:00","Friday, September 09 1966","1966-01-01 00:00:00","Calendar 1966",252,"Day 252"
"1966-09-10 00:00:00","Saturday, September 10 1966","1966-01-01 00:00:00","Calendar 1966",253,"Day 253"
"1966-09-11 00:00:00","Sunday, September 11 1966","1966-01-01 00:00:00","Calendar 1966",254,"Day 254"
"1966-09-12 00:00:00","Monday, September 12 1966","1966-01-01 00:00:00","Calendar 1966",255,"Day 255"
"1966-09-13 00:00:00","Tuesday, September 13 1966","1966-01-01 00:00:00","Calendar 1966",256,"Day 256"
"1966-09-14 00:00:00","Wednesday, September 14 1966","1966-01-01 00:00:00","Calendar 1966",257,"Day 257"
"1966-09-15 00:00:00","Thursday, September 15 1966","1966-01-01 00:00:00","Calendar 1966",258,"Day 258"
"1966-09-16 00:00:00","Friday, September 16 1966","1966-01-01 00:00:00","Calendar 1966",259,"Day 259"
"1966-09-17 00:00:00","Saturday, September 17 1966","1966-01-01 00:00:00","Calendar 1966",260,"Day 260"
"1966-09-18 00:00:00","Sunday, September 18 1966","1966-01-01 00:00:00","Calendar 1966",261,"Day 261"
"1966-09-19 00:00:00","Monday, September 19 1966","1966-01-01 00:00:00","Calendar 1966",262,"Day 262"
"1966-09-20 00:00:00","Tuesday, September 20 1966","1966-01-01 00:00:00","Calendar 1966",263,"Day 263"
"1966-09-21 00:00:00","Wednesday, September 21 1966","1966-01-01 00:00:00","Calendar 1966",264,"Day 264"
"1966-09-22 00:00:00","Thursday, September 22 1966","1966-01-01 00:00:00","Calendar 1966",265,"Day 265"
"1966-09-23 00:00:00","Friday, September 23 1966","1966-01-01 00:00:00","Calendar 1966",266,"Day 266"
"1966-09-24 00:00:00","Saturday, September 24 1966","1966-01-01 00:00:00","Calendar 1966",267,"Day 267"
"1966-09-25 00:00:00","Sunday, September 25 1966","1966-01-01 00:00:00","Calendar 1966",268,"Day 268"
"1966-09-26 00:00:00","Monday, September 26 1966","1966-01-01 00:00:00","Calendar 1966",269,"Day 269"
"1966-09-27 00:00:00","Tuesday, September 27 1966","1966-01-01 00:00:00","Calendar 1966",270,"Day 270"
"1966-09-28 00:00:00","Wednesday, September 28 1966","1966-01-01 00:00:00","Calendar 1966",271,"Day 271"
"1966-09-29 00:00:00","Thursday, September 29 1966","1966-01-01 00:00:00","Calendar 1966",272,"Day 272"
"1966-09-30 00:00:00","Friday, September 30 1966","1966-01-01 00:00:00","Calendar 1966",273,"Day 273"
"1966-10-01 00:00:00","Saturday, October 01 1966","1966-01-01 00:00:00","Calendar 1966",274,"Day 274"
"1966-10-02 00:00:00","Sunday, October 02 1966","1966-01-01 00:00:00","Calendar 1966",275,"Day 275"
"1966-10-03 00:00:00","Monday, October 03 1966","1966-01-01 00:00:00","Calendar 1966",276,"Day 276"
"1966-10-04 00:00:00","Tuesday, October 04 1966","1966-01-01 00:00:00","Calendar 1966",277,"Day 277"
"1966-10-05 00:00:00","Wednesday, October 05 1966","1966-01-01 00:00:00","Calendar 1966",278,"Day 278"
"1966-10-06 00:00:00","Thursday, October 06 1966","1966-01-01 00:00:00","Calendar 1966",279,"Day 279"
"1966-10-07 00:00:00","Friday, October 07 1966","1966-01-01 00:00:00","Calendar 1966",280,"Day 280"
"1966-10-08 00:00:00","Saturday, October 08 1966","1966-01-01 00:00:00","Calendar 1966",281,"Day 281"
"1966-10-09 00:00:00","Sunday, October 09 1966","1966-01-01 00:00:00","Calendar 1966",282,"Day 282"
"1966-10-10 00:00:00","Monday, October 10 1966","1966-01-01 00:00:00","Calendar 1966",283,"Day 283"
"1966-10-11 00:00:00","Tuesday, October 11 1966","1966-01-01 00:00:00","Calendar 1966",284,"Day 284"
"1966-10-12 00:00:00","Wednesday, October 12 1966","1966-01-01 00:00:00","Calendar 1966",285,"Day 285"
"1966-10-13 00:00:00","Thursday, October 13 1966","1966-01-01 00:00:00","Calendar 1966",286,"Day 286"
"1966-10-14 00:00:00","Friday, October 14 1966","1966-01-01 00:00:00","Calendar 1966",287,"Day 287"
"1966-10-15 00:00:00","Saturday, October 15 1966","1966-01-01 00:00:00","Calendar 1966",288,"Day 288"
"1966-10-16 00:00:00","Sunday, October 16 1966","1966-01-01 00:00:00","Calendar 1966",289,"Day 289"
"1966-10-17 00:00:00","Monday, October 17 1966","1966-01-01 00:00:00","Calendar 1966",290,"Day 290"
"1966-10-18 00:00:00","Tuesday, October 18 1966","1966-01-01 00:00:00","Calendar 1966",291,"Day 291"
"1966-10-19 00:00:00","Wednesday, October 19 1966","1966-01-01 00:00:00","Calendar 1966",292,"Day 292"
"1966-10-20 00:00:00","Thursday, October 20 1966","1966-01-01 00:00:00","Calendar 1966",293,"Day 293"
"1966-10-21 00:00:00","Friday, October 21 1966","1966-01-01 00:00:00","Calendar 1966",294,"Day 294"
"1966-10-22 00:00:00","Saturday, October 22 1966","1966-01-01 00:00:00","Calendar 1966",295,"Day 295"
"1966-10-23 00:00:00","Sunday, October 23 1966","1966-01-01 00:00:00","Calendar 1966",296,"Day 296"
"1966-10-24 00:00:00","Monday, October 24 1966","1966-01-01 00:00:00","Calendar 1966",297,"Day 297"
"1966-10-25 00:00:00","Tuesday, October 25 1966","1966-01-01 00:00:00","Calendar 1966",298,"Day 298"
"1966-10-26 00:00:00","Wednesday, October 26 1966","1966-01-01 00:00:00","Calendar 1966",299,"Day 299"
"1966-10-27 00:00:00","Thursday, October 27 1966","1966-01-01 00:00:00","Calendar 1966",300,"Day 300"
"1966-10-28 00:00:00","Friday, October 28 1966","1966-01-01 00:00:00","Calendar 1966",301,"Day 301"
"1966-10-29 00:00:00","Saturday, October 29 1966","1966-01-01 00:00:00","Calendar 1966",302,"Day 302"
"1966-10-30 00:00:00","Sunday, October 30 1966","1966-01-01 00:00:00","Calendar 1966",303,"Day 303"
"1966-10-31 00:00:00","Monday, October 31 1966","1966-01-01 00:00:00","Calendar 1966",304,"Day 304"
"1966-11-01 00:00:00","Tuesday, November 01 1966","1966-01-01 00:00:00","Calendar 1966",305,"Day 305"
"1966-11-02 00:00:00","Wednesday, November 02 1966","1966-01-01 00:00:00","Calendar 1966",306,"Day 306"
"1966-11-03 00:00:00","Thursday, November 03 1966","1966-01-01 00:00:00","Calendar 1966",307,"Day 307"
"1966-11-04 00:00:00","Friday, November 04 1966","1966-01-01 00:00:00","Calendar 1966",308,"Day 308"
"1966-11-05 00:00:00","Saturday, November 05 1966","1966-01-01 00:00:00","Calendar 1966",309,"Day 309"
"1966-11-06 00:00:00","Sunday, November 06 1966","1966-01-01 00:00:00","Calendar 1966",310,"Day 310"
"1966-11-07 00:00:00","Monday, November 07 1966","1966-01-01 00:00:00","Calendar 1966",311,"Day 311"
"1966-11-08 00:00:00","Tuesday, November 08 1966","1966-01-01 00:00:00","Calendar 1966",312,"Day 312"
"1966-11-09 00:00:00","Wednesday, November 09 1966","1966-01-01 00:00:00","Calendar 1966",313,"Day 313"
"1966-11-10 00:00:00","Thursday, November 10 1966","1966-01-01 00:00:00","Calendar 1966",314,"Day 314"
"1966-11-11 00:00:00","Friday, November 11 1966","1966-01-01 00:00:00","Calendar 1966",315,"Day 315"
"1966-11-12 00:00:00","Saturday, November 12 1966","1966-01-01 00:00:00","Calendar 1966",316,"Day 316"
"1966-11-13 00:00:00","Sunday, November 13 1966","1966-01-01 00:00:00","Calendar 1966",317,"Day 317"
"1966-11-14 00:00:00","Monday, November 14 1966","1966-01-01 00:00:00","Calendar 1966",318,"Day 318"
"1966-11-15 00:00:00","Tuesday, November 15 1966","1966-01-01 00:00:00","Calendar 1966",319,"Day 319"
"1966-11-16 00:00:00","Wednesday, November 16 1966","1966-01-01 00:00:00","Calendar 1966",320,"Day 320"
"1966-11-17 00:00:00","Thursday, November 17 1966","1966-01-01 00:00:00","Calendar 1966",321,"Day 321"
"1966-11-18 00:00:00","Friday, November 18 1966","1966-01-01 00:00:00","Calendar 1966",322,"Day 322"
"1966-11-19 00:00:00","Saturday, November 19 1966","1966-01-01 00:00:00","Calendar 1966",323,"Day 323"
"1966-11-20 00:00:00","Sunday, November 20 1966","1966-01-01 00:00:00","Calendar 1966",324,"Day 324"
"1966-11-21 00:00:00","Monday, November 21 1966","1966-01-01 00:00:00","Calendar 1966",325,"Day 325"
"1966-11-22 00:00:00","Tuesday, November 22 1966","1966-01-01 00:00:00","Calendar 1966",326,"Day 326"
"1966-11-23 00:00:00","Wednesday, November 23 1966","1966-01-01 00:00:00","Calendar 1966",327,"Day 327"
"1966-11-24 00:00:00","Thursday, November 24 1966","1966-01-01 00:00:00","Calendar 1966",328,"Day 328"
"1966-11-25 00:00:00","Friday, November 25 1966","1966-01-01 00:00:00","Calendar 1966",329,"Day 329"
"1966-11-26 00:00:00","Saturday, November 26 1966","1966-01-01 00:00:00","Calendar 1966",330,"Day 330"
"1966-11-27 00:00:00","Sunday, November 27 1966","1966-01-01 00:00:00","Calendar 1966",331,"Day 331"
"1966-11-28 00:00:00","Monday, November 28 1966","1966-01-01 00:00:00","Calendar 1966",332,"Day 332"
"1966-11-29 00:00:00","Tuesday, November 29 1966","1966-01-01 00:00:00","Calendar 1966",333,"Day 333"
"1966-11-30 00:00:00","Wednesday, November 30 1966","1966-01-01 00:00:00","Calendar 1966",334,"Day 334"
"1966-12-01 00:00:00","Thursday, December 01 1966","1966-01-01 00:00:00","Calendar 1966",335,"Day 335"
"1966-12-02 00:00:00","Friday, December 02 1966","1966-01-01 00:00:00","Calendar 1966",336,"Day 336"
"1966-12-03 00:00:00","Saturday, December 03 1966","1966-01-01 00:00:00","Calendar 1966",337,"Day 337"
"1966-12-04 00:00:00","Sunday, December 04 1966","1966-01-01 00:00:00","Calendar 1966",338,"Day 338"
"1966-12-05 00:00:00","Monday, December 05 1966","1966-01-01 00:00:00","Calendar 1966",339,"Day 339"
"1966-12-06 00:00:00","Tuesday, December 06 1966","1966-01-01 00:00:00","Calendar 1966",340,"Day 340"
"1966-12-07 00:00:00","Wednesday, December 07 1966","1966-01-01 00:00:00","Calendar 1966",341,"Day 341"
"1966-12-08 00:00:00","Thursday, December 08 1966","1966-01-01 00:00:00","Calendar 1966",342,"Day 342"
"1966-12-09 00:00:00","Friday, December 09 1966","1966-01-01 00:00:00","Calendar 1966",343,"Day 343"
"1966-12-10 00:00:00","Saturday, December 10 1966","1966-01-01 00:00:00","Calendar 1966",344,"Day 344"
"1966-12-11 00:00:00","Sunday, December 11 1966","1966-01-01 00:00:00","Calendar 1966",345,"Day 345"
"1966-12-12 00:00:00","Monday, December 12 1966","1966-01-01 00:00:00","Calendar 1966",346,"Day 346"
"1966-12-13 00:00:00","Tuesday, December 13 1966","1966-01-01 00:00:00","Calendar 1966",347,"Day 347"
"1966-12-14 00:00:00","Wednesday, December 14 1966","1966-01-01 00:00:00","Calendar 1966",348,"Day 348"
"1966-12-15 00:00:00","Thursday, December 15 1966","1966-01-01 00:00:00","Calendar 1966",349,"Day 349"
"1966-12-16 00:00:00","Friday, December 16 1966","1966-01-01 00:00:00","Calendar 1966",350,"Day 350"
"1966-12-17 00:00:00","Saturday, December 17 1966","1966-01-01 00:00:00","Calendar 1966",351,"Day 351"
"1966-12-18 00:00:00","Sunday, December 18 1966","1966-01-01 00:00:00","Calendar 1966",352,"Day 352"
"1966-12-19 00:00:00","Monday, December 19 1966","1966-01-01 00:00:00","Calendar 1966",353,"Day 353"
"1966-12-20 00:00:00","Tuesday, December 20 1966","1966-01-01 00:00:00","Calendar 1966",354,"Day 354"
"1966-12-21 00:00:00","Wednesday, December 21 1966","1966-01-01 00:00:00","Calendar 1966",355,"Day 355"
"1966-12-22 00:00:00","Thursday, December 22 1966","1966-01-01 00:00:00","Calendar 1966",356,"Day 356"
"1966-12-23 00:00:00","Friday, December 23 1966","1966-01-01 00:00:00","Calendar 1966",357,"Day 357"
"1966-12-24 00:00:00","Saturday, December 24 1966","1966-01-01 00:00:00","Calendar 1966",358,"Day 358"
"1966-12-25 00:00:00","Sunday, December 25 1966","1966-01-01 00:00:00","Calendar 1966",359,"Day 359"
"1966-12-26 00:00:00","Monday, December 26 1966","1966-01-01 00:00:00","Calendar 1966",360,"Day 360"
"1966-12-27 00:00:00","Tuesday, December 27 1966","1966-01-01 00:00:00","Calendar 1966",361,"Day 361"
"1966-12-28 00:00:00","Wednesday, December 28 1966","1966-01-01 00:00:00","Calendar 1966",362,"Day 362"
"1966-12-29 00:00:00","Thursday, December 29 1966","1966-01-01 00:00:00","Calendar 1966",363,"Day 363"
"1966-12-30 00:00:00","Friday, December 30 1966","1966-01-01 00:00:00","Calendar 1966",364,"Day 364"
"1966-12-31 00:00:00","Saturday, December 31 1966","1966-01-01 00:00:00","Calendar 1966",365,"Day 365"
"1967-01-01 00:00:00","Sunday, January 01 1967","1967-01-01 00:00:00","Calendar 1967",1,"Day 1"
"1967-01-02 00:00:00","Monday, January 02 1967","1967-01-01 00:00:00","Calendar 1967",2,"Day 2"
"1967-01-03 00:00:00","Tuesday, January 03 1967","1967-01-01 00:00:00","Calendar 1967",3,"Day 3"
"1967-01-04 00:00:00","Wednesday, January 04 1967","1967-01-01 00:00:00","Calendar 1967",4,"Day 4"
"1967-01-05 00:00:00","Thursday, January 05 1967","1967-01-01 00:00:00","Calendar 1967",5,"Day 5"
"1967-01-06 00:00:00","Friday, January 06 1967","1967-01-01 00:00:00","Calendar 1967",6,"Day 6"
"1967-01-07 00:00:00","Saturday, January 07 1967","1967-01-01 00:00:00","Calendar 1967",7,"Day 7"
"1967-01-08 00:00:00","Sunday, January 08 1967","1967-01-01 00:00:00","Calendar 1967",8,"Day 8"
"1967-01-09 00:00:00","Monday, January 09 1967","1967-01-01 00:00:00","Calendar 1967",9,"Day 9"
"1967-01-10 00:00:00","Tuesday, January 10 1967","1967-01-01 00:00:00","Calendar 1967",10,"Day 10"
"1967-01-11 00:00:00","Wednesday, January 11 1967","1967-01-01 00:00:00","Calendar 1967",11,"Day 11"
"1967-01-12 00:00:00","Thursday, January 12 1967","1967-01-01 00:00:00","Calendar 1967",12,"Day 12"
"1967-01-13 00:00:00","Friday, January 13 1967","1967-01-01 00:00:00","Calendar 1967",13,"Day 13"
"1967-01-14 00:00:00","Saturday, January 14 1967","1967-01-01 00:00:00","Calendar 1967",14,"Day 14"
"1967-01-15 00:00:00","Sunday, January 15 1967","1967-01-01 00:00:00","Calendar 1967",15,"Day 15"
"1967-01-16 00:00:00","Monday, January 16 1967","1967-01-01 00:00:00","Calendar 1967",16,"Day 16"
"1967-01-17 00:00:00","Tuesday, January 17 1967","1967-01-01 00:00:00","Calendar 1967",17,"Day 17"
"1967-01-18 00:00:00","Wednesday, January 18 1967","1967-01-01 00:00:00","Calendar 1967",18,"Day 18"
"1967-01-19 00:00:00","Thursday, January 19 1967","1967-01-01 00:00:00","Calendar 1967",19,"Day 19"
"1967-01-20 00:00:00","Friday, January 20 1967","1967-01-01 00:00:00","Calendar 1967",20,"Day 20"
"1967-01-21 00:00:00","Saturday, January 21 1967","1967-01-01 00:00:00","Calendar 1967",21,"Day 21"
"1967-01-22 00:00:00","Sunday, January 22 1967","1967-01-01 00:00:00","Calendar 1967",22,"Day 22"
"1967-01-23 00:00:00","Monday, January 23 1967","1967-01-01 00:00:00","Calendar 1967",23,"Day 23"
"1967-01-24 00:00:00","Tuesday, January 24 1967","1967-01-01 00:00:00","Calendar 1967",24,"Day 24"
"1967-01-25 00:00:00","Wednesday, January 25 1967","1967-01-01 00:00:00","Calendar 1967",25,"Day 25"
"1967-01-26 00:00:00","Thursday, January 26 1967","1967-01-01 00:00:00","Calendar 1967",26,"Day 26"
"1967-01-27 00:00:00","Friday, January 27 1967","1967-01-01 00:00:00","Calendar 1967",27,"Day 27"
"1967-01-28 00:00:00","Saturday, January 28 1967","1967-01-01 00:00:00","Calendar 1967",28,"Day 28"
"1967-01-29 00:00:00","Sunday, January 29 1967","1967-01-01 00:00:00","Calendar 1967",29,"Day 29"
"1967-01-30 00:00:00","Monday, January 30 1967","1967-01-01 00:00:00","Calendar 1967",30,"Day 30"
"1967-01-31 00:00:00","Tuesday, January 31 1967","1967-01-01 00:00:00","Calendar 1967",31,"Day 31"
"1967-02-01 00:00:00","Wednesday, February 01 1967","1967-01-01 00:00:00","Calendar 1967",32,"Day 32"
"1967-02-02 00:00:00","Thursday, February 02 1967","1967-01-01 00:00:00","Calendar 1967",33,"Day 33"
"1967-02-03 00:00:00","Friday, February 03 1967","1967-01-01 00:00:00","Calendar 1967",34,"Day 34"
"1967-02-04 00:00:00","Saturday, February 04 1967","1967-01-01 00:00:00","Calendar 1967",35,"Day 35"
"1967-02-05 00:00:00","Sunday, February 05 1967","1967-01-01 00:00:00","Calendar 1967",36,"Day 36"
"1967-02-06 00:00:00","Monday, February 06 1967","1967-01-01 00:00:00","Calendar 1967",37,"Day 37"
"1967-02-07 00:00:00","Tuesday, February 07 1967","1967-01-01 00:00:00","Calendar 1967",38,"Day 38"
"1967-02-08 00:00:00","Wednesday, February 08 1967","1967-01-01 00:00:00","Calendar 1967",39,"Day 39"
"1967-02-09 00:00:00","Thursday, February 09 1967","1967-01-01 00:00:00","Calendar 1967",40,"Day 40"
"1967-02-10 00:00:00","Friday, February 10 1967","1967-01-01 00:00:00","Calendar 1967",41,"Day 41"
"1967-02-11 00:00:00","Saturday, February 11 1967","1967-01-01 00:00:00","Calendar 1967",42,"Day 42"
"1967-02-12 00:00:00","Sunday, February 12 1967","1967-01-01 00:00:00","Calendar 1967",43,"Day 43"
"1967-02-13 00:00:00","Monday, February 13 1967","1967-01-01 00:00:00","Calendar 1967",44,"Day 44"
"1967-02-14 00:00:00","Tuesday, February 14 1967","1967-01-01 00:00:00","Calendar 1967",45,"Day 45"
"1967-02-15 00:00:00","Wednesday, February 15 1967","1967-01-01 00:00:00","Calendar 1967",46,"Day 46"
"1967-02-16 00:00:00","Thursday, February 16 1967","1967-01-01 00:00:00","Calendar 1967",47,"Day 47"
"1967-02-17 00:00:00","Friday, February 17 1967","1967-01-01 00:00:00","Calendar 1967",48,"Day 48"
"1967-02-18 00:00:00","Saturday, February 18 1967","1967-01-01 00:00:00","Calendar 1967",49,"Day 49"
"1967-02-19 00:00:00","Sunday, February 19 1967","1967-01-01 00:00:00","Calendar 1967",50,"Day 50"
"1967-02-20 00:00:00","Monday, February 20 1967","1967-01-01 00:00:00","Calendar 1967",51,"Day 51"
"1967-02-21 00:00:00","Tuesday, February 21 1967","1967-01-01 00:00:00","Calendar 1967",52,"Day 52"
"1967-02-22 00:00:00","Wednesday, February 22 1967","1967-01-01 00:00:00","Calendar 1967",53,"Day 53"
"1967-02-23 00:00:00","Thursday, February 23 1967","1967-01-01 00:00:00","Calendar 1967",54,"Day 54"
"1967-02-24 00:00:00","Friday, February 24 1967","1967-01-01 00:00:00","Calendar 1967",55,"Day 55"
"1967-02-25 00:00:00","Saturday, February 25 1967","1967-01-01 00:00:00","Calendar 1967",56,"Day 56"
"1967-02-26 00:00:00","Sunday, February 26 1967","1967-01-01 00:00:00","Calendar 1967",57,"Day 57"
"1967-02-27 00:00:00","Monday, February 27 1967","1967-01-01 00:00:00","Calendar 1967",58,"Day 58"
"1967-02-28 00:00:00","Tuesday, February 28 1967","1967-01-01 00:00:00","Calendar 1967",59,"Day 59"
"1967-03-01 00:00:00","Wednesday, March 01 1967","1967-01-01 00:00:00","Calendar 1967",60,"Day 60"
"1967-03-02 00:00:00","Thursday, March 02 1967","1967-01-01 00:00:00","Calendar 1967",61,"Day 61"
"1967-03-03 00:00:00","Friday, March 03 1967","1967-01-01 00:00:00","Calendar 1967",62,"Day 62"
"1967-03-04 00:00:00","Saturday, March 04 1967","1967-01-01 00:00:00","Calendar 1967",63,"Day 63"
"1967-03-05 00:00:00","Sunday, March 05 1967","1967-01-01 00:00:00","Calendar 1967",64,"Day 64"
"1967-03-06 00:00:00","Monday, March 06 1967","1967-01-01 00:00:00","Calendar 1967",65,"Day 65"
"1967-03-07 00:00:00","Tuesday, March 07 1967","1967-01-01 00:00:00","Calendar 1967",66,"Day 66"
"1967-03-08 00:00:00","Wednesday, March 08 1967","1967-01-01 00:00:00","Calendar 1967",67,"Day 67"
"1967-03-09 00:00:00","Thursday, March 09 1967","1967-01-01 00:00:00","Calendar 1967",68,"Day 68"
"1967-03-10 00:00:00","Friday, March 10 1967","1967-01-01 00:00:00","Calendar 1967",69,"Day 69"
"1967-03-11 00:00:00","Saturday, March 11 1967","1967-01-01 00:00:00","Calendar 1967",70,"Day 70"
"1967-03-12 00:00:00","Sunday, March 12 1967","1967-01-01 00:00:00","Calendar 1967",71,"Day 71"
"1967-03-13 00:00:00","Monday, March 13 1967","1967-01-01 00:00:00","Calendar 1967",72,"Day 72"
"1967-03-14 00:00:00","Tuesday, March 14 1967","1967-01-01 00:00:00","Calendar 1967",73,"Day 73"
"1967-03-15 00:00:00","Wednesday, March 15 1967","1967-01-01 00:00:00","Calendar 1967",74,"Day 74"
"1967-03-16 00:00:00","Thursday, March 16 1967","1967-01-01 00:00:00","Calendar 1967",75,"Day 75"
"1967-03-17 00:00:00","Friday, March 17 1967","1967-01-01 00:00:00","Calendar 1967",76,"Day 76"
"1967-03-18 00:00:00","Saturday, March 18 1967","1967-01-01 00:00:00","Calendar 1967",77,"Day 77"
"1967-03-19 00:00:00","Sunday, March 19 1967","1967-01-01 00:00:00","Calendar 1967",78,"Day 78"
"1967-03-20 00:00:00","Monday, March 20 1967","1967-01-01 00:00:00","Calendar 1967",79,"Day 79"
"1967-03-21 00:00:00","Tuesday, March 21 1967","1967-01-01 00:00:00","Calendar 1967",80,"Day 80"
"1967-03-22 00:00:00","Wednesday, March 22 1967","1967-01-01 00:00:00","Calendar 1967",81,"Day 81"
"1967-03-23 00:00:00","Thursday, March 23 1967","1967-01-01 00:00:00","Calendar 1967",82,"Day 82"
"1967-03-24 00:00:00","Friday, March 24 1967","1967-01-01 00:00:00","Calendar 1967",83,"Day 83"
"1967-03-25 00:00:00","Saturday, March 25 1967","1967-01-01 00:00:00","Calendar 1967",84,"Day 84"
"1967-03-26 00:00:00","Sunday, March 26 1967","1967-01-01 00:00:00","Calendar 1967",85,"Day 85"
"1967-03-27 00:00:00","Monday, March 27 1967","1967-01-01 00:00:00","Calendar 1967",86,"Day 86"
"1967-03-28 00:00:00","Tuesday, March 28 1967","1967-01-01 00:00:00","Calendar 1967",87,"Day 87"
"1967-03-29 00:00:00","Wednesday, March 29 1967","1967-01-01 00:00:00","Calendar 1967",88,"Day 88"
"1967-03-30 00:00:00","Thursday, March 30 1967","1967-01-01 00:00:00","Calendar 1967",89,"Day 89"
"1967-03-31 00:00:00","Friday, March 31 1967","1967-01-01 00:00:00","Calendar 1967",90,"Day 90"
"1967-04-01 00:00:00","Saturday, April 01 1967","1967-01-01 00:00:00","Calendar 1967",91,"Day 91"
"1967-04-02 00:00:00","Sunday, April 02 1967","1967-01-01 00:00:00","Calendar 1967",92,"Day 92"
"1967-04-03 00:00:00","Monday, April 03 1967","1967-01-01 00:00:00","Calendar 1967",93,"Day 93"
"1967-04-04 00:00:00","Tuesday, April 04 1967","1967-01-01 00:00:00","Calendar 1967",94,"Day 94"
"1967-04-05 00:00:00","Wednesday, April 05 1967","1967-01-01 00:00:00","Calendar 1967",95,"Day 95"
"1967-04-06 00:00:00","Thursday, April 06 1967","1967-01-01 00:00:00","Calendar 1967",96,"Day 96"
"1967-04-07 00:00:00","Friday, April 07 1967","1967-01-01 00:00:00","Calendar 1967",97,"Day 97"
"1967-04-08 00:00:00","Saturday, April 08 1967","1967-01-01 00:00:00","Calendar 1967",98,"Day 98"
"1967-04-09 00:00:00","Sunday, April 09 1967","1967-01-01 00:00:00","Calendar 1967",99,"Day 99"
"1967-04-10 00:00:00","Monday, April 10 1967","1967-01-01 00:00:00","Calendar 1967",100,"Day 100"
"1967-04-11 00:00:00","Tuesday, April 11 1967","1967-01-01 00:00:00","Calendar 1967",101,"Day 101"
"1967-04-12 00:00:00","Wednesday, April 12 1967","1967-01-01 00:00:00","Calendar 1967",102,"Day 102"
"1967-04-13 00:00:00","Thursday, April 13 1967","1967-01-01 00:00:00","Calendar 1967",103,"Day 103"
"1967-04-14 00:00:00","Friday, April 14 1967","1967-01-01 00:00:00","Calendar 1967",104,"Day 104"
"1967-04-15 00:00:00","Saturday, April 15 1967","1967-01-01 00:00:00","Calendar 1967",105,"Day 105"
"1967-04-16 00:00:00","Sunday, April 16 1967","1967-01-01 00:00:00","Calendar 1967",106,"Day 106"
"1967-04-17 00:00:00","Monday, April 17 1967","1967-01-01 00:00:00","Calendar 1967",107,"Day 107"
"1967-04-18 00:00:00","Tuesday, April 18 1967","1967-01-01 00:00:00","Calendar 1967",108,"Day 108"
"1967-04-19 00:00:00","Wednesday, April 19 1967","1967-01-01 00:00:00","Calendar 1967",109,"Day 109"
"1967-04-20 00:00:00","Thursday, April 20 1967","1967-01-01 00:00:00","Calendar 1967",110,"Day 110"
"1967-04-21 00:00:00","Friday, April 21 1967","1967-01-01 00:00:00","Calendar 1967",111,"Day 111"
"1967-04-22 00:00:00","Saturday, April 22 1967","1967-01-01 00:00:00","Calendar 1967",112,"Day 112"
"1967-04-23 00:00:00","Sunday, April 23 1967","1967-01-01 00:00:00","Calendar 1967",113,"Day 113"
"1967-04-24 00:00:00","Monday, April 24 1967","1967-01-01 00:00:00","Calendar 1967",114,"Day 114"
"1967-04-25 00:00:00","Tuesday, April 25 1967","1967-01-01 00:00:00","Calendar 1967",115,"Day 115"
"1967-04-26 00:00:00","Wednesday, April 26 1967","1967-01-01 00:00:00","Calendar 1967",116,"Day 116"
"1967-04-27 00:00:00","Thursday, April 27 1967","1967-01-01 00:00:00","Calendar 1967",117,"Day 117"
"1967-04-28 00:00:00","Friday, April 28 1967","1967-01-01 00:00:00","Calendar 1967",118,"Day 118"
"1967-04-29 00:00:00","Saturday, April 29 1967","1967-01-01 00:00:00","Calendar 1967",119,"Day 119"
"1967-04-30 00:00:00","Sunday, April 30 1967","1967-01-01 00:00:00","Calendar 1967",120,"Day 120"
"1967-05-01 00:00:00","Monday, May 01 1967","1967-01-01 00:00:00","Calendar 1967",121,"Day 121"
"1967-05-02 00:00:00","Tuesday, May 02 1967","1967-01-01 00:00:00","Calendar 1967",122,"Day 122"
"1967-05-03 00:00:00","Wednesday, May 03 1967","1967-01-01 00:00:00","Calendar 1967",123,"Day 123"
"1967-05-04 00:00:00","Thursday, May 04 1967","1967-01-01 00:00:00","Calendar 1967",124,"Day 124"
"1967-05-05 00:00:00","Friday, May 05 1967","1967-01-01 00:00:00","Calendar 1967",125,"Day 125"
"1967-05-06 00:00:00","Saturday, May 06 1967","1967-01-01 00:00:00","Calendar 1967",126,"Day 126"
"1967-05-07 00:00:00","Sunday, May 07 1967","1967-01-01 00:00:00","Calendar 1967",127,"Day 127"
"1967-05-08 00:00:00","Monday, May 08 1967","1967-01-01 00:00:00","Calendar 1967",128,"Day 128"
"1967-05-09 00:00:00","Tuesday, May 09 1967","1967-01-01 00:00:00","Calendar 1967",129,"Day 129"
"1967-05-10 00:00:00","Wednesday, May 10 1967","1967-01-01 00:00:00","Calendar 1967",130,"Day 130"
"1967-05-11 00:00:00","Thursday, May 11 1967","1967-01-01 00:00:00","Calendar 1967",131,"Day 131"
"1967-05-12 00:00:00","Friday, May 12 1967","1967-01-01 00:00:00","Calendar 1967",132,"Day 132"
"1967-05-13 00:00:00","Saturday, May 13 1967","1967-01-01 00:00:00","Calendar 1967",133,"Day 133"
"1967-05-14 00:00:00","Sunday, May 14 1967","1967-01-01 00:00:00","Calendar 1967",134,"Day 134"
"1967-05-15 00:00:00","Monday, May 15 1967","1967-01-01 00:00:00","Calendar 1967",135,"Day 135"
"1967-05-16 00:00:00","Tuesday, May 16 1967","1967-01-01 00:00:00","Calendar 1967",136,"Day 136"
"1967-05-17 00:00:00","Wednesday, May 17 1967","1967-01-01 00:00:00","Calendar 1967",137,"Day 137"
"1967-05-18 00:00:00","Thursday, May 18 1967","1967-01-01 00:00:00","Calendar 1967",138,"Day 138"
"1967-05-19 00:00:00","Friday, May 19 1967","1967-01-01 00:00:00","Calendar 1967",139,"Day 139"
"1967-05-20 00:00:00","Saturday, May 20 1967","1967-01-01 00:00:00","Calendar 1967",140,"Day 140"
"1967-05-21 00:00:00","Sunday, May 21 1967","1967-01-01 00:00:00","Calendar 1967",141,"Day 141"
"1967-05-22 00:00:00","Monday, May 22 1967","1967-01-01 00:00:00","Calendar 1967",142,"Day 142"
"1967-05-23 00:00:00","Tuesday, May 23 1967","1967-01-01 00:00:00","Calendar 1967",143,"Day 143"
"1967-05-24 00:00:00","Wednesday, May 24 1967","1967-01-01 00:00:00","Calendar 1967",144,"Day 144"
"1967-05-25 00:00:00","Thursday, May 25 1967","1967-01-01 00:00:00","Calendar 1967",145,"Day 145"
"1967-05-26 00:00:00","Friday, May 26 1967","1967-01-01 00:00:00","Calendar 1967",146,"Day 146"
"1967-05-27 00:00:00","Saturday, May 27 1967","1967-01-01 00:00:00","Calendar 1967",147,"Day 147"
"1967-05-28 00:00:00","Sunday, May 28 1967","1967-01-01 00:00:00","Calendar 1967",148,"Day 148"
"1967-05-29 00:00:00","Monday, May 29 1967","1967-01-01 00:00:00","Calendar 1967",149,"Day 149"
"1967-05-30 00:00:00","Tuesday, May 30 1967","1967-01-01 00:00:00","Calendar 1967",150,"Day 150"
"1967-05-31 00:00:00","Wednesday, May 31 1967","1967-01-01 00:00:00","Calendar 1967",151,"Day 151"
"1967-06-01 00:00:00","Thursday, June 01 1967","1967-01-01 00:00:00","Calendar 1967",152,"Day 152"
"1967-06-02 00:00:00","Friday, June 02 1967","1967-01-01 00:00:00","Calendar 1967",153,"Day 153"
"1967-06-03 00:00:00","Saturday, June 03 1967","1967-01-01 00:00:00","Calendar 1967",154,"Day 154"
"1967-06-04 00:00:00","Sunday, June 04 1967","1967-01-01 00:00:00","Calendar 1967",155,"Day 155"
"1967-06-05 00:00:00","Monday, June 05 1967","1967-01-01 00:00:00","Calendar 1967",156,"Day 156"
"1967-06-06 00:00:00","Tuesday, June 06 1967","1967-01-01 00:00:00","Calendar 1967",157,"Day 157"
"1967-06-07 00:00:00","Wednesday, June 07 1967","1967-01-01 00:00:00","Calendar 1967",158,"Day 158"
"1967-06-08 00:00:00","Thursday, June 08 1967","1967-01-01 00:00:00","Calendar 1967",159,"Day 159"
"1967-06-09 00:00:00","Friday, June 09 1967","1967-01-01 00:00:00","Calendar 1967",160,"Day 160"
"1967-06-10 00:00:00","Saturday, June 10 1967","1967-01-01 00:00:00","Calendar 1967",161,"Day 161"
"1967-06-11 00:00:00","Sunday, June 11 1967","1967-01-01 00:00:00","Calendar 1967",162,"Day 162"
"1967-06-12 00:00:00","Monday, June 12 1967","1967-01-01 00:00:00","Calendar 1967",163,"Day 163"
"1967-06-13 00:00:00","Tuesday, June 13 1967","1967-01-01 00:00:00","Calendar 1967",164,"Day 164"
"1967-06-14 00:00:00","Wednesday, June 14 1967","1967-01-01 00:00:00","Calendar 1967",165,"Day 165"
"1967-06-15 00:00:00","Thursday, June 15 1967","1967-01-01 00:00:00","Calendar 1967",166,"Day 166"
"1967-06-16 00:00:00","Friday, June 16 1967","1967-01-01 00:00:00","Calendar 1967",167,"Day 167"
"1967-06-17 00:00:00","Saturday, June 17 1967","1967-01-01 00:00:00","Calendar 1967",168,"Day 168"
"1967-06-18 00:00:00","Sunday, June 18 1967","1967-01-01 00:00:00","Calendar 1967",169,"Day 169"
"1967-06-19 00:00:00","Monday, June 19 1967","1967-01-01 00:00:00","Calendar 1967",170,"Day 170"
"1967-06-20 00:00:00","Tuesday, June 20 1967","1967-01-01 00:00:00","Calendar 1967",171,"Day 171"
"1967-06-21 00:00:00","Wednesday, June 21 1967","1967-01-01 00:00:00","Calendar 1967",172,"Day 172"
"1967-06-22 00:00:00","Thursday, June 22 1967","1967-01-01 00:00:00","Calendar 1967",173,"Day 173"
"1967-06-23 00:00:00","Friday, June 23 1967","1967-01-01 00:00:00","Calendar 1967",174,"Day 174"
"1967-06-24 00:00:00","Saturday, June 24 1967","1967-01-01 00:00:00","Calendar 1967",175,"Day 175"
"1967-06-25 00:00:00","Sunday, June 25 1967","1967-01-01 00:00:00","Calendar 1967",176,"Day 176"
"1967-06-26 00:00:00","Monday, June 26 1967","1967-01-01 00:00:00","Calendar 1967",177,"Day 177"
"1967-06-27 00:00:00","Tuesday, June 27 1967","1967-01-01 00:00:00","Calendar 1967",178,"Day 178"
"1967-06-28 00:00:00","Wednesday, June 28 1967","1967-01-01 00:00:00","Calendar 1967",179,"Day 179"
"1967-06-29 00:00:00","Thursday, June 29 1967","1967-01-01 00:00:00","Calendar 1967",180,"Day 180"
"1967-06-30 00:00:00","Friday, June 30 1967","1967-01-01 00:00:00","Calendar 1967",181,"Day 181"
"1967-07-01 00:00:00","Saturday, July 01 1967","1967-01-01 00:00:00","Calendar 1967",182,"Day 182"
"1967-07-02 00:00:00","Sunday, July 02 1967","1967-01-01 00:00:00","Calendar 1967",183,"Day 183"
"1967-07-03 00:00:00","Monday, July 03 1967","1967-01-01 00:00:00","Calendar 1967",184,"Day 184"
"1967-07-04 00:00:00","Tuesday, July 04 1967","1967-01-01 00:00:00","Calendar 1967",185,"Day 185"
"1967-07-05 00:00:00","Wednesday, July 05 1967","1967-01-01 00:00:00","Calendar 1967",186,"Day 186"
"1967-07-06 00:00:00","Thursday, July 06 1967","1967-01-01 00:00:00","Calendar 1967",187,"Day 187"
"1967-07-07 00:00:00","Friday, July 07 1967","1967-01-01 00:00:00","Calendar 1967",188,"Day 188"
"1967-07-08 00:00:00","Saturday, July 08 1967","1967-01-01 00:00:00","Calendar 1967",189,"Day 189"
"1967-07-09 00:00:00","Sunday, July 09 1967","1967-01-01 00:00:00","Calendar 1967",190,"Day 190"
"1967-07-10 00:00:00","Monday, July 10 1967","1967-01-01 00:00:00","Calendar 1967",191,"Day 191"
"1967-07-11 00:00:00","Tuesday, July 11 1967","1967-01-01 00:00:00","Calendar 1967",192,"Day 192"
"1967-07-12 00:00:00","Wednesday, July 12 1967","1967-01-01 00:00:00","Calendar 1967",193,"Day 193"
"1967-07-13 00:00:00","Thursday, July 13 1967","1967-01-01 00:00:00","Calendar 1967",194,"Day 194"
"1967-07-14 00:00:00","Friday, July 14 1967","1967-01-01 00:00:00","Calendar 1967",195,"Day 195"
"1967-07-15 00:00:00","Saturday, July 15 1967","1967-01-01 00:00:00","Calendar 1967",196,"Day 196"
"1967-07-16 00:00:00","Sunday, July 16 1967","1967-01-01 00:00:00","Calendar 1967",197,"Day 197"
"1967-07-17 00:00:00","Monday, July 17 1967","1967-01-01 00:00:00","Calendar 1967",198,"Day 198"
"1967-07-18 00:00:00","Tuesday, July 18 1967","1967-01-01 00:00:00","Calendar 1967",199,"Day 199"
"1967-07-19 00:00:00","Wednesday, July 19 1967","1967-01-01 00:00:00","Calendar 1967",200,"Day 200"
"1967-07-20 00:00:00","Thursday, July 20 1967","1967-01-01 00:00:00","Calendar 1967",201,"Day 201"
"1967-07-21 00:00:00","Friday, July 21 1967","1967-01-01 00:00:00","Calendar 1967",202,"Day 202"
"1967-07-22 00:00:00","Saturday, July 22 1967","1967-01-01 00:00:00","Calendar 1967",203,"Day 203"
"1967-07-23 00:00:00","Sunday, July 23 1967","1967-01-01 00:00:00","Calendar 1967",204,"Day 204"
"1967-07-24 00:00:00","Monday, July 24 1967","1967-01-01 00:00:00","Calendar 1967",205,"Day 205"
"1967-07-25 00:00:00","Tuesday, July 25 1967","1967-01-01 00:00:00","Calendar 1967",206,"Day 206"
"1967-07-26 00:00:00","Wednesday, July 26 1967","1967-01-01 00:00:00","Calendar 1967",207,"Day 207"
"1967-07-27 00:00:00","Thursday, July 27 1967","1967-01-01 00:00:00","Calendar 1967",208,"Day 208"
"1967-07-28 00:00:00","Friday, July 28 1967","1967-01-01 00:00:00","Calendar 1967",209,"Day 209"
"1967-07-29 00:00:00","Saturday, July 29 1967","1967-01-01 00:00:00","Calendar 1967",210,"Day 210"
"1967-07-30 00:00:00","Sunday, July 30 1967","1967-01-01 00:00:00","Calendar 1967",211,"Day 211"
"1967-07-31 00:00:00","Monday, July 31 1967","1967-01-01 00:00:00","Calendar 1967",212,"Day 212"
"1967-08-01 00:00:00","Tuesday, August 01 1967","1967-01-01 00:00:00","Calendar 1967",213,"Day 213"
"1967-08-02 00:00:00","Wednesday, August 02 1967","1967-01-01 00:00:00","Calendar 1967",214,"Day 214"
"1967-08-03 00:00:00","Thursday, August 03 1967","1967-01-01 00:00:00","Calendar 1967",215,"Day 215"
"1967-08-04 00:00:00","Friday, August 04 1967","1967-01-01 00:00:00","Calendar 1967",216,"Day 216"
"1967-08-05 00:00:00","Saturday, August 05 1967","1967-01-01 00:00:00","Calendar 1967",217,"Day 217"
"1967-08-06 00:00:00","Sunday, August 06 1967","1967-01-01 00:00:00","Calendar 1967",218,"Day 218"
"1967-08-07 00:00:00","Monday, August 07 1967","1967-01-01 00:00:00","Calendar 1967",219,"Day 219"
"1967-08-08 00:00:00","Tuesday, August 08 1967","1967-01-01 00:00:00","Calendar 1967",220,"Day 220"
"1967-08-09 00:00:00","Wednesday, August 09 1967","1967-01-01 00:00:00","Calendar 1967",221,"Day 221"
"1967-08-10 00:00:00","Thursday, August 10 1967","1967-01-01 00:00:00","Calendar 1967",222,"Day 222"
"1967-08-11 00:00:00","Friday, August 11 1967","1967-01-01 00:00:00","Calendar 1967",223,"Day 223"
"1967-08-12 00:00:00","Saturday, August 12 1967","1967-01-01 00:00:00","Calendar 1967",224,"Day 224"
"1967-08-13 00:00:00","Sunday, August 13 1967","1967-01-01 00:00:00","Calendar 1967",225,"Day 225"
"1967-08-14 00:00:00","Monday, August 14 1967","1967-01-01 00:00:00","Calendar 1967",226,"Day 226"
"1967-08-15 00:00:00","Tuesday, August 15 1967","1967-01-01 00:00:00","Calendar 1967",227,"Day 227"
"1967-08-16 00:00:00","Wednesday, August 16 1967","1967-01-01 00:00:00","Calendar 1967",228,"Day 228"
"1967-08-17 00:00:00","Thursday, August 17 1967","1967-01-01 00:00:00","Calendar 1967",229,"Day 229"
"1967-08-18 00:00:00","Friday, August 18 1967","1967-01-01 00:00:00","Calendar 1967",230,"Day 230"
"1967-08-19 00:00:00","Saturday, August 19 1967","1967-01-01 00:00:00","Calendar 1967",231,"Day 231"
"1967-08-20 00:00:00","Sunday, August 20 1967","1967-01-01 00:00:00","Calendar 1967",232,"Day 232"
"1967-08-21 00:00:00","Monday, August 21 1967","1967-01-01 00:00:00","Calendar 1967",233,"Day 233"
"1967-08-22 00:00:00","Tuesday, August 22 1967","1967-01-01 00:00:00","Calendar 1967",234,"Day 234"
"1967-08-23 00:00:00","Wednesday, August 23 1967","1967-01-01 00:00:00","Calendar 1967",235,"Day 235"
"1967-08-24 00:00:00","Thursday, August 24 1967","1967-01-01 00:00:00","Calendar 1967",236,"Day 236"
"1967-08-25 00:00:00","Friday, August 25 1967","1967-01-01 00:00:00","Calendar 1967",237,"Day 237"
"1967-08-26 00:00:00","Saturday, August 26 1967","1967-01-01 00:00:00","Calendar 1967",238,"Day 238"
"1967-08-27 00:00:00","Sunday, August 27 1967","1967-01-01 00:00:00","Calendar 1967",239,"Day 239"
"1967-08-28 00:00:00","Monday, August 28 1967","1967-01-01 00:00:00","Calendar 1967",240,"Day 240"
"1967-08-29 00:00:00","Tuesday, August 29 1967","1967-01-01 00:00:00","Calendar 1967",241,"Day 241"
"1967-08-30 00:00:00","Wednesday, August 30 1967","1967-01-01 00:00:00","Calendar 1967",242,"Day 242"
"1967-08-31 00:00:00","Thursday, August 31 1967","1967-01-01 00:00:00","Calendar 1967",243,"Day 243"
"1967-09-01 00:00:00","Friday, September 01 1967","1967-01-01 00:00:00","Calendar 1967",244,"Day 244"
"1967-09-02 00:00:00","Saturday, September 02 1967","1967-01-01 00:00:00","Calendar 1967",245,"Day 245"
"1967-09-03 00:00:00","Sunday, September 03 1967","1967-01-01 00:00:00","Calendar 1967",246,"Day 246"
"1967-09-04 00:00:00","Monday, September 04 1967","1967-01-01 00:00:00","Calendar 1967",247,"Day 247"
"1967-09-05 00:00:00","Tuesday, September 05 1967","1967-01-01 00:00:00","Calendar 1967",248,"Day 248"
"1967-09-06 00:00:00","Wednesday, September 06 1967","1967-01-01 00:00:00","Calendar 1967",249,"Day 249"
"1967-09-07 00:00:00","Thursday, September 07 1967","1967-01-01 00:00:00","Calendar 1967",250,"Day 250"
"1967-09-08 00:00:00","Friday, September 08 1967","1967-01-01 00:00:00","Calendar 1967",251,"Day 251"
"1967-09-09 00:00:00","Saturday, September 09 1967","1967-01-01 00:00:00","Calendar 1967",252,"Day 252"
"1967-09-10 00:00:00","Sunday, September 10 1967","1967-01-01 00:00:00","Calendar 1967",253,"Day 253"
"1967-09-11 00:00:00","Monday, September 11 1967","1967-01-01 00:00:00","Calendar 1967",254,"Day 254"
"1967-09-12 00:00:00","Tuesday, September 12 1967","1967-01-01 00:00:00","Calendar 1967",255,"Day 255"
"1967-09-13 00:00:00","Wednesday, September 13 1967","1967-01-01 00:00:00","Calendar 1967",256,"Day 256"
"1967-09-14 00:00:00","Thursday, September 14 1967","1967-01-01 00:00:00","Calendar 1967",257,"Day 257"
"1967-09-15 00:00:00","Friday, September 15 1967","1967-01-01 00:00:00","Calendar 1967",258,"Day 258"
"1967-09-16 00:00:00","Saturday, September 16 1967","1967-01-01 00:00:00","Calendar 1967",259,"Day 259"
"1967-09-17 00:00:00","Sunday, September 17 1967","1967-01-01 00:00:00","Calendar 1967",260,"Day 260"
"1967-09-18 00:00:00","Monday, September 18 1967","1967-01-01 00:00:00","Calendar 1967",261,"Day 261"
"1967-09-19 00:00:00","Tuesday, September 19 1967","1967-01-01 00:00:00","Calendar 1967",262,"Day 262"
"1967-09-20 00:00:00","Wednesday, September 20 1967","1967-01-01 00:00:00","Calendar 1967",263,"Day 263"
"1967-09-21 00:00:00","Thursday, September 21 1967","1967-01-01 00:00:00","Calendar 1967",264,"Day 264"
"1967-09-22 00:00:00","Friday, September 22 1967","1967-01-01 00:00:00","Calendar 1967",265,"Day 265"
"1967-09-23 00:00:00","Saturday, September 23 1967","1967-01-01 00:00:00","Calendar 1967",266,"Day 266"
"1967-09-24 00:00:00","Sunday, September 24 1967","1967-01-01 00:00:00","Calendar 1967",267,"Day 267"
"1967-09-25 00:00:00","Monday, September 25 1967","1967-01-01 00:00:00","Calendar 1967",268,"Day 268"
"1967-09-26 00:00:00","Tuesday, September 26 1967","1967-01-01 00:00:00","Calendar 1967",269,"Day 269"
"1967-09-27 00:00:00","Wednesday, September 27 1967","1967-01-01 00:00:00","Calendar 1967",270,"Day 270"
